,0,1
0,2000-06-05,116
1,2000-06-06,129
2,2000-06-07,135
3,2000-06-08,86
4,2000-06-09,73
5,2000-06-10,85
6,2000-06-11,73
7,2000-06-12,68
8,2000-06-13,92
9,2000-06-14,130
10,2000-06-15,245
11,2000-06-16,139
12,2000-06-17,115
13,2000-06-18,111
14,2000-06-19,309
15,2000-06-20,206
16,2000-06-21,137
17,2000-06-22,128
18,2000-06-23,85
19,2000-06-24,94
20,2000-06-25,71
21,2000-06-26,106
22,2000-06-27,84
23,2000-06-28,93
24,2000-06-29,85
25,2000-06-30,73
26,2000-07-01,83
27,2000-07-02,125
28,2000-07-03,107
29,2000-07-04,82
30,2000-07-05,44
31,2000-07-06,72
32,2000-07-07,106
33,2000-07-08,107
34,2000-07-09,66
35,2000-07-10,91
36,2000-07-11,92
37,2000-07-12,113
38,2000-07-13,107
39,2000-07-14,131
40,2000-07-15,111
41,2000-07-16,64
42,2000-07-17,69
43,2000-07-18,88
44,2000-07-19,77
45,2000-07-20,83
46,2000-07-21,111
47,2000-07-22,57
48,2000-07-23,55
49,2000-07-24,60
50,2000-07-25,44
51,2000-07-26,127
52,2000-07-27,114
53,2000-07-28,86
54,2000-07-29,73
55,2000-07-30,52
56,2000-07-31,69
57,2000-08-01,86
58,2000-08-02,118
59,2000-08-03,56
60,2000-08-04,91
61,2000-08-05,121
62,2000-08-06,127
63,2000-08-07,78
64,2000-08-08,79
65,2000-08-09,46
66,2000-08-10,108
67,2000-08-11,80
68,2000-08-12,79
69,2000-08-13,69
70,2000-08-14,80
71,2000-08-15,105
72,2000-08-16,119
73,2000-08-17,105
74,2000-08-18,55
75,2000-08-19,74
76,2000-08-20,41
77,2000-08-21,62
78,2000-08-22,104
79,2000-08-23,118
80,2000-08-24,121
81,2000-08-25,126
82,2000-08-26,99
83,2000-08-27,92
84,2000-08-28,75
85,2000-08-29,91
86,2000-08-30,94
87,2000-08-31,69
88,2000-09-01,93
89,2000-09-02,124
90,2000-09-03,120
91,2000-09-04,93
92,2000-09-05,26
93,2000-09-06,32
94,2000-09-07,70
95,2000-09-08,89
96,2000-09-10,117
97,2000-09-11,144
98,2000-09-12,111
99,2000-09-13,120
100,2000-09-14,97
101,2000-09-15,108
102,2000-09-17,74
103,2000-09-18,105
104,2000-09-19,127
105,2000-09-20,143
106,2000-09-21,62
107,2000-09-22,80
108,2000-09-23,136
109,2000-09-24,29
110,2000-09-25,91
111,2000-09-26,93
112,2000-09-27,114
113,2000-09-28,45
114,2000-09-29,102
115,2000-09-30,111
116,2000-10-01,93
117,2000-10-02,117
118,2000-10-03,78
119,2000-10-04,76
120,2000-10-05,100
121,2000-10-06,75
122,2000-10-07,169
123,2000-10-08,59
124,2000-10-09,89
125,2000-10-10,91
126,2000-10-11,75
127,2000-10-12,28
128,2000-10-13,47
129,2000-10-14,92
130,2000-10-16,72
131,2000-10-17,149
132,2000-10-18,86
133,2000-10-19,88
134,2000-10-20,104
135,2000-10-21,91
136,2000-10-22,88
137,2000-10-23,55
138,2000-10-24,63
139,2000-10-25,41
140,2000-10-26,85
141,2000-10-27,99
142,2000-10-28,121
143,2000-10-29,96
144,2000-10-30,90
145,2000-11-01,80
146,2000-11-02,116
147,2000-11-03,207
148,2000-11-04,306
149,2000-11-05,283
150,2000-11-06,200
151,2000-11-07,93
152,2000-11-08,49
153,2000-11-09,78
154,2000-11-10,40
155,2000-11-11,74
156,2000-11-12,67
157,2000-11-13,118
158,2000-11-14,196
159,2000-11-15,101
160,2000-11-16,59
161,2000-11-17,83
162,2000-11-18,83
163,2000-11-19,124
164,2000-11-20,57
165,2000-11-21,78
166,2000-11-22,113
167,2000-11-23,172
168,2000-11-24,129
169,2000-11-25,103
170,2000-11-26,75
171,2000-11-27,125
172,2000-11-28,121
173,2000-11-29,204
174,2000-11-30,141
175,2000-12-01,106
176,2000-12-02,146
177,2000-12-03,95
178,2000-12-04,149
179,2000-12-05,71
180,2000-12-07,157
181,2000-12-08,141
182,2000-12-09,197
183,2000-12-10,43
184,2000-12-11,81
185,2000-12-12,109
186,2000-12-13,118
187,2000-12-15,115
188,2000-12-16,92
189,2000-12-17,123
190,2000-12-18,147
191,2000-12-19,59
192,2000-12-20,103
193,2000-12-21,146
194,2000-12-22,137
195,2000-12-23,74
196,2000-12-24,64
197,2000-12-25,67
198,2000-12-26,107
199,2000-12-27,101
200,2000-12-28,79
201,2000-12-29,137
202,2000-12-30,165
203,2000-12-31,81
204,2001-01-01,100
205,2001-01-02,126
206,2001-01-03,56
207,2001-01-05,108
208,2001-01-06,88
209,2001-01-07,78
210,2001-01-08,105
211,2001-01-09,77
212,2001-01-10,105
213,2001-01-11,93
214,2001-01-12,107
215,2001-01-13,128
216,2001-01-14,53
217,2001-01-15,81
218,2001-01-16,128
219,2001-01-17,179
220,2001-01-18,225
221,2001-01-19,116
222,2001-01-20,153
223,2001-01-21,161
224,2001-01-22,149
225,2001-01-23,115
226,2001-01-24,136
227,2001-01-25,101
228,2001-01-26,109
229,2001-01-27,108
230,2001-01-28,86
231,2001-01-29,101
232,2001-01-30,109
233,2001-01-31,139
234,2001-02-01,110
235,2001-02-02,113
236,2001-02-03,130
237,2001-02-04,62
238,2001-02-05,88
239,2001-02-06,105
240,2001-02-07,87
241,2001-02-08,140
242,2001-02-09,116
243,2001-02-10,100
244,2001-02-11,83
245,2001-02-12,102
246,2001-02-13,106
247,2001-02-14,157
248,2001-02-15,131
249,2001-02-16,77
250,2001-02-17,101
251,2001-02-18,148
252,2001-02-19,227
253,2001-02-20,105
254,2001-02-21,155
255,2001-02-22,293
256,2001-02-23,99
257,2001-02-24,57
258,2001-02-25,97
259,2001-02-26,104
260,2001-02-27,117
261,2001-02-28,125
262,2001-03-01,216
263,2001-03-02,149
264,2001-03-03,256
265,2001-03-04,172
266,2001-03-05,113
267,2001-03-06,338
268,2001-03-07,57
269,2001-03-08,48
270,2001-03-10,111
271,2001-03-11,87
272,2001-03-12,175
273,2001-03-13,186
274,2001-03-14,201
275,2001-03-15,76
276,2001-03-16,131
277,2001-03-17,127
278,2001-03-18,128
279,2001-03-19,152
280,2001-03-20,144
281,2001-03-21,162
282,2001-03-22,500
283,2001-03-24,358
284,2001-03-25,128
285,2001-03-26,54
286,2001-03-27,57
287,2001-03-28,54
288,2001-03-29,80
289,2001-03-30,71
290,2001-03-31,73
291,2001-04-01,139
292,2001-04-02,224
293,2001-04-03,107
294,2001-04-04,150
295,2001-04-05,180
296,2001-04-06,77
297,2001-04-07,95
298,2001-04-08,194
299,2001-04-09,143
300,2001-04-10,205
301,2001-04-11,129
302,2001-04-12,64
303,2001-04-13,61
304,2001-04-14,79
305,2001-04-15,121
306,2001-04-16,130
307,2001-04-17,150
308,2001-04-18,205
309,2001-04-19,154
310,2001-04-20,81
311,2001-04-21,140
312,2001-04-22,119
313,2001-04-23,156
314,2001-04-24,72
315,2001-04-25,108
316,2001-04-26,124
317,2001-04-27,94
318,2001-04-28,157
319,2001-04-29,100
320,2001-04-30,158
321,2001-05-01,277
322,2001-05-02,332
323,2001-05-03,303
324,2001-05-04,238
325,2001-05-05,500
326,2001-05-06,99
327,2001-05-07,93
328,2001-05-08,104
329,2001-05-09,74
330,2001-05-10,68
331,2001-05-11,90
332,2001-05-12,114
333,2001-05-13,142
334,2001-05-14,126
335,2001-05-15,185
336,2001-05-16,402
337,2001-05-17,189
338,2001-05-17,189
339,2001-05-17,189
340,2001-05-18,112
341,2001-05-19,137
342,2001-05-20,158
343,2001-05-21,158
344,2001-05-22,116
345,2001-05-23,132
346,2001-05-24,110
347,2001-05-25,82
348,2001-05-26,56
349,2001-05-27,54
350,2001-05-28,71
351,2001-05-29,101
352,2001-05-30,57
353,2001-05-31,88
354,2001-06-01,99
355,2001-06-02,84
356,2001-06-03,139
357,2001-06-04,132
358,2001-06-05,141
359,2001-06-07,159
360,2001-06-08,131
361,2001-06-09,180
362,2001-06-10,164
363,2001-06-11,134
364,2001-06-12,163
365,2001-06-13,105
366,2001-06-14,74
367,2001-06-15,50
368,2001-06-16,60
369,2001-06-17,82
370,2001-06-18,111
371,2001-06-19,89
372,2001-06-20,81
373,2001-06-21,76
374,2001-06-22,70
375,2001-06-23,74
376,2001-06-24,99
377,2001-06-25,91
378,2001-06-26,113
379,2001-06-27,93
380,2001-06-28,69
381,2001-06-29,74
382,2001-06-30,75
383,2001-07-01,108
384,2001-07-02,115
385,2001-07-03,86
386,2001-07-04,67
387,2001-07-05,68
388,2001-07-06,74
389,2001-07-07,69
390,2001-07-08,95
391,2001-07-09,99
392,2001-07-10,92
393,2001-07-11,84
394,2001-07-12,77
395,2001-07-13,69
396,2001-07-14,62
397,2001-07-15,83
398,2001-07-16,101
399,2001-07-17,98
400,2001-07-18,89
401,2001-07-19,82
402,2001-07-20,105
403,2001-07-21,79
404,2001-07-22,48
405,2001-07-23,119
406,2001-07-24,126
407,2001-07-25,44
408,2001-07-26,42
409,2001-07-27,86
410,2001-07-28,68
411,2001-07-29,93
412,2001-07-30,89
413,2001-07-31,76
414,2001-08-01,54
415,2001-08-02,53
416,2001-08-03,35
417,2001-08-04,65
418,2001-08-05,108
419,2001-08-06,114
420,2001-08-07,90
421,2001-08-08,63
422,2001-08-09,79
423,2001-08-10,102
424,2001-08-11,100
425,2001-08-12,107
426,2001-08-13,81
427,2001-08-14,79
428,2001-08-15,116
429,2001-08-16,98
430,2001-08-17,96
431,2001-08-18,94
432,2001-08-19,63
433,2001-08-20,39
434,2001-08-21,81
435,2001-08-22,73
436,2001-08-23,66
437,2001-08-24,52
438,2001-08-25,64
439,2001-08-26,61
440,2001-08-27,83
441,2001-08-28,85
442,2001-08-29,99
443,2001-08-30,97
444,2001-08-31,93
445,2001-09-01,86
446,2001-09-02,105
447,2001-09-03,98
448,2001-09-04,109
449,2001-09-05,92
450,2001-09-06,68
451,2001-09-07,92
452,2001-09-08,72
453,2001-09-09,64
454,2001-09-10,88
455,2001-09-11,97
456,2001-09-12,102
457,2001-09-13,103
458,2001-09-14,120
459,2001-09-15,94
460,2001-09-16,95
461,2001-09-17,93
462,2001-09-18,56
463,2001-09-19,98
464,2001-09-20,81
465,2001-09-21,100
466,2001-09-22,75
467,2001-09-23,84
468,2001-09-24,91
469,2001-09-25,70
470,2001-09-26,96
471,2001-09-27,128
472,2001-09-28,92
473,2001-09-29,107
474,2001-09-30,95
475,2001-10-01,63
476,2001-10-02,115
477,2001-10-03,69
478,2001-10-04,47
479,2001-10-05,86
480,2001-10-06,122
481,2001-10-07,104
482,2001-10-08,122
483,2001-10-09,49
484,2001-10-10,36
485,2001-10-11,83
486,2001-10-12,107
487,2001-10-13,126
488,2001-10-14,126
489,2001-10-15,78
490,2001-10-16,72
491,2001-10-17,76
492,2001-10-18,87
493,2001-10-19,143
494,2001-10-20,259
495,2001-10-21,183
496,2001-10-22,276
497,2001-10-23,232
498,2001-10-24,167
499,2001-10-25,105
500,2001-10-26,129
501,2001-10-27,140
502,2001-10-28,61
503,2001-10-29,85
504,2001-10-30,155
505,2001-11-01,38
506,2001-11-02,106
507,2001-11-03,134
508,2001-11-04,57
509,2001-11-05,51
510,2001-11-06,68
511,2001-11-07,129
512,2001-11-08,158
513,2001-11-09,85
514,2001-11-10,121
515,2001-11-11,161
516,2001-11-12,94
517,2001-11-13,58
518,2001-11-14,57
519,2001-11-15,71
520,2001-11-16,105
521,2001-11-17,66
522,2001-11-18,117
523,2001-11-19,87
524,2001-11-20,88
525,2001-11-21,131
526,2001-11-22,151
527,2001-11-23,310
528,2001-11-24,161
529,2001-11-25,23
530,2001-11-26,52
531,2001-11-27,82
532,2001-11-28,128
533,2001-11-29,115
534,2001-11-30,63
535,2001-12-02,102
536,2001-12-03,96
537,2001-12-04,107
538,2001-12-05,89
539,2001-12-06,59
540,2001-12-07,100
541,2001-12-08,136
542,2001-12-09,137
543,2001-12-10,119
544,2001-12-11,112
545,2001-12-12,186
546,2001-12-13,192
547,2001-12-14,83
548,2001-12-15,97
549,2001-12-16,113
550,2001-12-18,89
551,2001-12-19,106
552,2001-12-20,119
553,2001-12-21,62
554,2001-12-22,79
555,2001-12-23,58
556,2001-12-24,61
557,2001-12-25,64
558,2001-12-26,108
559,2001-12-27,101
560,2001-12-28,82
561,2001-12-29,85
562,2001-12-30,98
563,2001-12-31,132
564,2002-01-01,88
565,2002-01-02,97
566,2002-01-03,116
567,2002-01-04,111
568,2002-01-05,81
569,2002-01-06,78
570,2002-01-07,138
571,2002-01-08,100
572,2002-01-09,157
573,2002-01-10,349
574,2002-01-11,196
575,2002-01-12,190
576,2002-01-13,100
577,2002-01-14,103
578,2002-01-15,160
579,2002-01-16,97
580,2002-01-17,103
581,2002-01-18,123
582,2002-01-19,137
583,2002-01-20,268
584,2002-01-21,52
585,2002-01-22,44
586,2002-01-23,66
587,2002-01-24,106
588,2002-01-25,94
589,2002-01-26,96
590,2002-01-27,58
591,2002-01-28,62
592,2002-01-29,56
593,2002-01-30,62
594,2002-01-31,109
595,2002-02-01,96
596,2002-02-02,95
597,2002-02-03,126
598,2002-02-04,161
599,2002-02-05,138
600,2002-02-06,106
601,2002-02-07,99
602,2002-02-08,113
603,2002-02-09,80
604,2002-02-10,90
605,2002-02-11,86
606,2002-02-12,142
607,2002-02-13,93
608,2002-02-14,125
609,2002-02-15,135
610,2002-02-16,138
611,2002-02-17,111
612,2002-02-18,70
613,2002-02-19,101
614,2002-02-20,153
615,2002-02-21,146
616,2002-02-22,97
617,2002-02-23,82
618,2002-02-24,99
619,2002-02-25,131
620,2002-02-26,88
621,2002-02-27,74
622,2002-02-28,96
623,2002-03-01,133
624,2002-03-02,105
625,2002-03-03,86
626,2002-03-04,105
627,2002-03-05,89
628,2002-03-06,70
629,2002-03-07,87
630,2002-03-08,109
631,2002-03-09,161
632,2002-03-10,83
633,2002-03-11,129
634,2002-03-12,107
635,2002-03-13,89
636,2002-03-14,186
637,2002-03-15,108
638,2002-03-16,500
639,2002-03-17,188
640,2002-03-18,102
641,2002-03-19,139
642,2002-03-20,155
643,2002-03-21,500
644,2002-03-22,370
645,2002-03-23,164
646,2002-03-24,105
647,2002-03-25,156
648,2002-03-26,180
649,2002-03-27,105
650,2002-03-28,126
651,2002-03-29,120
652,2002-03-30,122
653,2002-03-31,118
654,2002-04-01,188
655,2002-04-02,260
656,2002-04-03,296
657,2002-04-04,118
658,2002-04-05,132
659,2002-04-06,80
660,2002-04-07,500
661,2002-04-08,500
662,2002-04-09,253
663,2002-04-10,67
664,2002-04-11,110
665,2002-04-13,133
666,2002-04-14,246
667,2002-04-15,324
668,2002-04-16,225
669,2002-04-17,120
670,2002-04-18,121
671,2002-04-19,131
672,2002-04-20,148
673,2002-04-21,174
674,2002-04-22,106
675,2002-04-23,32
676,2002-04-24,86
677,2002-04-25,92
678,2002-04-26,117
679,2002-04-27,110
680,2002-04-28,90
681,2002-04-29,86
682,2002-04-30,106
683,2002-05-01,84
684,2002-05-02,76
685,2002-05-03,92
686,2002-05-04,85
687,2002-05-05,79
688,2002-05-07,92
689,2002-05-08,99
690,2002-05-09,105
691,2002-05-10,105
692,2002-05-11,78
693,2002-05-12,125
694,2002-05-13,113
695,2002-05-14,90
696,2002-05-15,89
697,2002-05-16,99
698,2002-05-17,94
699,2002-05-18,109
700,2002-05-19,105
701,2002-05-20,115
702,2002-05-21,110
703,2002-05-22,54
704,2002-05-23,76
705,2002-05-24,83
706,2002-05-25,75
707,2002-05-26,89
708,2002-05-27,97
709,2002-05-28,113
710,2002-05-29,106
711,2002-05-30,86
712,2002-05-31,108
713,2002-06-01,115
714,2002-06-02,106
715,2002-06-03,99
716,2002-06-04,151
717,2002-06-05,118
718,2002-06-06,139
719,2002-06-07,161
720,2002-06-08,77
721,2002-06-09,72
722,2002-06-10,36
723,2002-06-11,81
724,2002-06-12,67
725,2002-06-13,56
726,2002-06-14,73
727,2002-06-15,75
728,2002-06-16,80
729,2002-06-17,122
730,2002-06-19,142
731,2002-06-20,77
732,2002-06-21,68
733,2002-06-22,77
734,2002-06-23,50
735,2002-06-24,51
736,2002-06-25,40
737,2002-06-26,46
738,2002-06-27,65
739,2002-06-28,110
740,2002-06-29,104
741,2002-06-30,85
742,2002-07-01,126
743,2002-07-02,88
744,2002-07-03,112
745,2002-07-04,108
746,2002-07-05,98
747,2002-07-06,88
748,2002-07-07,68
749,2002-07-08,87
750,2002-07-09,83
751,2002-07-10,87
752,2002-07-11,127
753,2002-07-12,111
754,2002-07-13,108
755,2002-07-14,91
756,2002-07-15,89
757,2002-07-16,75
758,2002-07-17,88
759,2002-07-18,76
760,2002-07-19,62
761,2002-07-20,55
762,2002-07-21,66
763,2002-07-22,67
764,2002-07-23,62
765,2002-07-24,113
766,2002-07-25,81
767,2002-07-26,66
768,2002-07-27,86
769,2002-07-28,47
770,2002-07-29,44
771,2002-07-30,79
772,2002-07-31,137
773,2002-08-01,160
774,2002-08-02,89
775,2002-08-03,96
776,2002-08-04,63
777,2002-08-05,53
778,2002-08-06,50
779,2002-08-07,44
780,2002-08-08,74
781,2002-08-09,64
782,2002-08-10,72
783,2002-08-11,94
784,2002-08-12,71
785,2002-08-13,124
786,2002-08-14,129
787,2002-08-15,155
788,2002-08-16,156
789,2002-08-17,125
790,2002-08-18,130
791,2002-08-19,66
792,2002-08-20,91
793,2002-08-21,114
794,2002-08-22,112
795,2002-08-23,102
796,2002-08-24,72
797,2002-08-25,76
798,2002-08-26,77
799,2002-08-27,86
800,2002-08-28,92
801,2002-08-29,108
802,2002-08-30,100
803,2002-08-31,122
804,2002-09-01,164
805,2002-09-02,111
806,2002-09-03,52
807,2002-09-04,70
808,2002-09-05,59
809,2002-09-06,82
810,2002-09-07,96
811,2002-09-08,92
812,2002-09-09,124
813,2002-09-10,98
814,2002-09-11,45
815,2002-09-12,37
816,2002-09-13,81
817,2002-09-14,90
818,2002-09-15,98
819,2002-09-16,97
820,2002-09-17,111
821,2002-09-18,125
822,2002-09-19,83
823,2002-09-20,41
824,2002-09-21,87
825,2002-09-22,56
826,2002-09-23,72
827,2002-09-25,182
828,2002-09-26,183
829,2002-09-27,70
830,2002-09-28,44
831,2002-09-29,62
832,2002-09-30,100
833,2002-10-01,121
834,2002-10-02,62
835,2002-10-03,70
836,2002-10-04,99
837,2002-10-05,89
838,2002-10-06,52
839,2002-10-07,37
840,2002-10-08,64
841,2002-10-09,135
842,2002-10-10,232
843,2002-10-11,365
844,2002-10-12,198
845,2002-10-13,53
846,2002-10-14,121
847,2002-10-15,83
848,2002-10-16,100
849,2002-10-17,169
850,2002-10-18,75
851,2002-10-20,72
852,2002-10-21,51
853,2002-10-22,50
854,2002-10-23,95
855,2002-10-24,88
856,2002-10-26,59
857,2002-10-27,30
858,2002-10-28,48
859,2002-10-29,109
860,2002-10-30,146
861,2002-10-31,76
862,2002-11-01,33
863,2002-11-02,52
864,2002-11-03,54
865,2002-11-04,70
866,2002-11-05,107
867,2002-11-06,96
868,2002-11-07,76
869,2002-11-08,37
870,2002-11-09,94
871,2002-11-10,182
872,2002-11-11,452
873,2002-11-12,66
874,2002-11-13,56
875,2002-11-14,80
876,2002-11-15,85
877,2002-11-16,104
878,2002-11-17,43
879,2002-11-18,52
880,2002-11-19,115
881,2002-11-20,143
882,2002-11-21,75
883,2002-11-22,110
884,2002-11-23,134
885,2002-11-24,129
886,2002-11-25,153
887,2002-11-26,54
888,2002-11-27,114
889,2002-11-28,145
890,2002-11-29,87
891,2002-11-30,138
892,2002-12-01,198
893,2002-12-02,273
894,2002-12-03,395
895,2002-12-04,498
896,2002-12-05,97
897,2002-12-06,112
898,2002-12-07,97
899,2002-12-08,86
900,2002-12-09,97
901,2002-12-10,99
902,2002-12-12,151
903,2002-12-13,135
904,2002-12-14,193
905,2002-12-15,153
906,2002-12-16,95
907,2002-12-17,91
908,2002-12-18,137
909,2002-12-19,98
910,2002-12-20,77
911,2002-12-21,95
912,2002-12-22,96
913,2002-12-23,83
914,2002-12-24,71
915,2002-12-25,53
916,2002-12-26,69
917,2002-12-27,75
918,2002-12-28,106
919,2002-12-29,90
920,2002-12-30,106
921,2002-12-31,64
922,2003-01-01,105
923,2003-01-02,100
924,2003-01-03,69
925,2003-01-04,55
926,2003-01-05,65
927,2003-01-06,112
928,2003-01-07,83
929,2003-01-08,131
930,2003-01-09,151
931,2003-01-10,93
932,2003-01-11,97
933,2003-01-12,104
934,2003-01-13,92
935,2003-01-14,53
936,2003-01-15,105
937,2003-01-16,159
938,2003-01-17,106
939,2003-01-18,89
940,2003-01-19,88
941,2003-01-20,87
942,2003-01-21,99
943,2003-01-22,117
944,2003-01-23,72
945,2003-01-24,109
946,2003-01-25,91
947,2003-01-26,100
948,2003-01-27,48
949,2003-01-28,58
950,2003-01-29,65
951,2003-01-30,105
952,2003-01-31,87
953,2003-02-01,148
954,2003-02-02,109
955,2003-02-03,96
956,2003-02-04,87
957,2003-02-05,56
958,2003-02-06,105
959,2003-02-07,126
960,2003-02-08,164
961,2003-02-09,113
962,2003-02-10,54
963,2003-02-11,47
964,2003-02-12,93
965,2003-02-13,83
966,2003-02-14,91
967,2003-02-15,135
968,2003-02-16,65
969,2003-02-17,100
970,2003-02-18,147
971,2003-02-19,56
972,2003-02-20,89
973,2003-02-21,107
974,2003-02-22,99
975,2003-02-23,124
976,2003-02-24,152
977,2003-02-25,115
978,2003-02-26,87
979,2003-02-27,76
980,2003-02-28,93
981,2003-03-01,172
982,2003-03-02,235
983,2003-03-03,65
984,2003-03-04,55
985,2003-03-05,93
986,2003-03-06,96
987,2003-03-07,127
988,2003-03-08,71
989,2003-03-09,88
990,2003-03-10,81
991,2003-03-11,115
992,2003-03-12,54
993,2003-03-13,94
994,2003-03-14,92
995,2003-03-15,98
996,2003-03-17,73
997,2003-03-18,69
998,2003-03-19,156
999,2003-03-20,93
1000,2003-03-21,37
1001,2003-03-22,92
1002,2003-03-23,114
1003,2003-03-24,124
1004,2003-03-25,108
1005,2003-03-26,106
1006,2003-03-27,39
1007,2003-03-28,66
1008,2003-03-29,126
1009,2003-03-30,282
1010,2003-03-31,136
1011,2003-04-01,92
1012,2003-04-02,54
1013,2003-04-03,81
1014,2003-04-04,89
1015,2003-04-05,115
1016,2003-04-06,108
1017,2003-04-07,100
1018,2003-04-08,55
1019,2003-04-09,75
1020,2003-04-10,88
1021,2003-04-11,94
1022,2003-04-12,143
1023,2003-04-13,62
1024,2003-04-14,138
1025,2003-04-15,187
1026,2003-04-16,157
1027,2003-04-17,154
1028,2003-04-18,56
1029,2003-04-19,54
1030,2003-04-20,57
1031,2003-04-21,46
1032,2003-04-22,82
1033,2003-04-24,179
1034,2003-04-25,138
1035,2003-04-26,147
1036,2003-04-28,147
1037,2003-04-29,106
1038,2003-04-30,95
1039,2003-05-01,107
1040,2003-05-02,102
1041,2003-05-03,120
1042,2003-05-04,117
1043,2003-05-05,87
1044,2003-05-06,71
1045,2003-05-07,58
1046,2003-05-08,95
1047,2003-05-09,117
1048,2003-05-10,142
1049,2003-05-11,104
1050,2003-05-12,124
1051,2003-05-13,100
1052,2003-05-14,82
1053,2003-05-15,77
1054,2003-05-16,70
1055,2003-05-17,34
1056,2003-05-18,60
1057,2003-05-19,83
1058,2003-05-20,107
1059,2003-05-21,126
1060,2003-05-22,93
1061,2003-05-23,100
1062,2003-05-24,96
1063,2003-05-25,87
1064,2003-05-26,116
1065,2003-05-27,111
1066,2003-05-28,90
1067,2003-05-29,68
1068,2003-05-30,96
1069,2003-05-31,86
1070,2003-06-01,131
1071,2003-06-02,110
1072,2003-06-03,119
1073,2003-06-04,126
1074,2003-06-05,67
1075,2003-06-06,86
1076,2003-06-07,81
1077,2003-06-08,104
1078,2003-06-09,71
1079,2003-06-10,35
1080,2003-06-11,57
1081,2003-06-12,56
1082,2003-06-13,57
1083,2003-06-14,40
1084,2003-06-15,72
1085,2003-06-16,96
1086,2003-06-17,137
1087,2003-06-18,180
1088,2003-06-19,171
1089,2003-06-20,167
1090,2003-06-21,173
1091,2003-06-22,124
1092,2003-06-23,79
1093,2003-06-24,29
1094,2003-06-25,76
1095,2003-06-26,96
1096,2003-06-27,89
1097,2003-06-28,67
1098,2003-06-29,51
1099,2003-06-30,92
1100,2003-07-01,94
1101,2003-07-02,100
1102,2003-07-03,129
1103,2003-07-04,128
1104,2003-07-05,44
1105,2003-07-06,64
1106,2003-07-07,59
1107,2003-07-08,75
1108,2003-07-09,41
1109,2003-07-10,85
1110,2003-07-11,91
1111,2003-07-12,125
1112,2003-07-13,108
1113,2003-07-14,116
1114,2003-07-15,135
1115,2003-07-16,111
1116,2003-07-17,95
1117,2003-07-18,79
1118,2003-07-19,75
1119,2003-07-20,104
1120,2003-07-21,82
1121,2003-07-22,80
1122,2003-07-23,99
1123,2003-07-24,110
1124,2003-07-25,96
1125,2003-07-26,163
1126,2003-07-27,126
1127,2003-07-28,69
1128,2003-07-29,98
1129,2003-07-30,68
1130,2003-07-31,75
1131,2003-08-01,109
1132,2003-08-02,75
1133,2003-08-03,102
1134,2003-08-04,115
1135,2003-08-05,110
1136,2003-08-06,93
1137,2003-08-07,80
1138,2003-08-08,65
1139,2003-08-09,64
1140,2003-08-10,64
1141,2003-08-11,58
1142,2003-08-13,123
1143,2003-08-14,87
1144,2003-08-15,88
1145,2003-08-16,89
1146,2003-08-17,86
1147,2003-08-18,91
1148,2003-08-19,132
1149,2003-08-20,85
1150,2003-08-21,96
1151,2003-08-22,90
1152,2003-08-23,78
1153,2003-08-24,79
1154,2003-08-25,76
1155,2003-08-26,84
1156,2003-08-27,88
1157,2003-08-28,57
1158,2003-08-29,44
1159,2003-08-30,78
1160,2003-08-31,95
1161,2003-09-01,93
1162,2003-09-02,86
1163,2003-09-03,108
1164,2003-09-04,124
1165,2003-09-05,70
1166,2003-09-06,113
1167,2003-09-07,82
1168,2003-09-08,111
1169,2003-09-09,59
1170,2003-09-10,60
1171,2003-09-11,89
1172,2003-09-12,132
1173,2003-09-13,133
1174,2003-09-14,112
1175,2003-09-15,69
1176,2003-09-16,132
1177,2003-09-17,75
1178,2003-09-18,37
1179,2003-09-19,37
1180,2003-09-20,79
1181,2003-09-21,89
1182,2003-09-22,121
1183,2003-09-23,74
1184,2003-09-24,88
1185,2003-09-26,66
1186,2003-09-27,32
1187,2003-09-28,73
1188,2003-09-29,92
1189,2003-09-30,57
1190,2003-10-01,67
1191,2003-10-02,34
1192,2003-10-03,45
1193,2003-10-05,115
1194,2003-10-06,153
1195,2003-10-07,127
1196,2003-10-08,116
1197,2003-10-09,152
1198,2003-10-10,130
1199,2003-10-11,24
1200,2003-10-12,17
1201,2003-10-13,60
1202,2003-10-14,56
1203,2003-10-15,51
1204,2003-10-16,56
1205,2003-10-17,80
1206,2003-10-18,56
1207,2003-10-19,98
1208,2003-10-20,145
1209,2003-10-21,121
1210,2003-10-22,41
1211,2003-10-23,86
1212,2003-10-24,121
1213,2003-10-25,69
1214,2003-10-26,116
1215,2003-10-27,165
1216,2003-10-29,120
1217,2003-10-30,171
1218,2003-10-31,289
1219,2003-11-01,500
1220,2003-11-02,181
1221,2003-11-03,28
1222,2003-11-04,92
1223,2003-11-05,146
1224,2003-11-06,44
1225,2003-11-07,22
1226,2003-11-08,25
1227,2003-11-09,51
1228,2003-11-10,74
1229,2003-11-11,51
1230,2003-11-12,106
1231,2003-11-13,149
1232,2003-11-14,213
1233,2003-11-15,130
1234,2003-11-16,32
1235,2003-11-17,116
1236,2003-11-18,162
1237,2003-11-19,173
1238,2003-11-20,118
1239,2003-11-21,20
1240,2003-11-22,85
1241,2003-11-23,161
1242,2003-11-24,186
1243,2003-11-25,147
1244,2003-11-26,57
1245,2003-11-27,88
1246,2003-11-28,107
1247,2003-11-29,159
1248,2003-11-30,147
1249,2003-12-01,153
1250,2003-12-02,135
1251,2003-12-03,99
1252,2003-12-04,92
1253,2003-12-05,109
1254,2003-12-06,99
1255,2003-12-07,57
1256,2003-12-08,64
1257,2003-12-09,79
1258,2003-12-10,143
1259,2003-12-11,93
1260,2003-12-12,52
1261,2003-12-13,95
1262,2003-12-14,141
1263,2003-12-15,59
1264,2003-12-16,109
1265,2003-12-17,58
1266,2003-12-18,60
1267,2003-12-19,52
1268,2003-12-20,71
1269,2003-12-21,110
1270,2003-12-22,107
1271,2003-12-23,114
1272,2003-12-24,98
1273,2003-12-25,96
1274,2003-12-26,48
1275,2003-12-27,89
1276,2003-12-28,130
1277,2003-12-29,90
1278,2003-12-30,106
1279,2003-12-31,111
1280,2004-01-01,128
1281,2004-01-02,83
1282,2004-01-03,60
1283,2004-01-04,109
1284,2004-01-05,137
1285,2004-01-06,147
1286,2004-01-07,99
1287,2004-01-08,73
1288,2004-01-09,126
1289,2004-01-10,73
1290,2004-01-11,72
1291,2004-01-12,87
1292,2004-01-13,85
1293,2004-01-14,115
1294,2004-01-15,121
1295,2004-01-16,97
1296,2004-01-17,109
1297,2004-01-18,74
1298,2004-01-19,52
1299,2004-01-20,49
1300,2004-01-21,41
1301,2004-01-22,64
1302,2004-01-23,80
1303,2004-01-24,38
1304,2004-01-25,58
1305,2004-01-26,106
1306,2004-01-27,57
1307,2004-01-28,106
1308,2004-01-29,111
1309,2004-01-31,118
1310,2004-02-01,109
1311,2004-02-02,53
1312,2004-02-03,50
1313,2004-02-04,59
1314,2004-02-06,56
1315,2004-02-07,68
1316,2004-02-08,52
1317,2004-02-09,68
1318,2004-02-10,130
1319,2004-02-11,95
1320,2004-02-12,103
1321,2004-02-13,124
1322,2004-02-14,95
1323,2004-02-15,92
1324,2004-02-16,95
1325,2004-02-17,135
1326,2004-02-18,242
1327,2004-02-19,451
1328,2004-02-20,140
1329,2004-02-21,109
1330,2004-02-23,88
1331,2004-02-24,164
1332,2004-02-25,145
1333,2004-02-26,46
1334,2004-02-27,85
1335,2004-02-28,125
1336,2004-02-29,54
1337,2004-03-01,83
1338,2004-03-02,73
1339,2004-03-03,60
1340,2004-03-04,85
1341,2004-03-05,73
1342,2004-03-06,51
1343,2004-03-07,56
1344,2004-03-08,108
1345,2004-03-09,179
1346,2004-03-10,446
1347,2004-03-11,84
1348,2004-03-13,104
1349,2004-03-14,87
1350,2004-03-15,143
1351,2004-03-16,206
1352,2004-03-17,77
1353,2004-03-19,114
1354,2004-03-20,87
1355,2004-03-21,92
1356,2004-03-22,165
1357,2004-03-23,104
1358,2004-03-24,33
1359,2004-03-25,88
1360,2004-03-26,137
1361,2004-03-27,151
1362,2004-03-28,338
1363,2004-03-29,239
1364,2004-03-30,139
1365,2004-03-31,79
1366,2004-04-01,123
1367,2004-04-02,64
1368,2004-04-03,51
1369,2004-04-05,133
1370,2004-04-06,93
1371,2004-04-07,39
1372,2004-04-08,111
1373,2004-04-09,145
1374,2004-04-10,193
1375,2004-04-11,131
1376,2004-04-12,131
1377,2004-04-13,108
1378,2004-04-14,95
1379,2004-04-15,141
1380,2004-04-16,186
1381,2004-04-17,156
1382,2004-04-18,260
1383,2004-04-19,138
1384,2004-04-20,133
1385,2004-04-21,107
1386,2004-04-22,143
1387,2004-04-23,61
1388,2004-04-24,109
1389,2004-04-25,151
1390,2004-04-26,63
1391,2004-04-27,63
1392,2004-04-28,79
1393,2004-04-29,138
1394,2004-04-30,47
1395,2004-05-01,67
1396,2004-05-02,84
1397,2004-05-03,95
1398,2004-05-04,73
1399,2004-05-05,89
1400,2004-05-06,91
1401,2004-05-07,152
1402,2004-05-08,189
1403,2004-05-09,92
1404,2004-05-10,97
1405,2004-05-11,107
1406,2004-05-12,81
1407,2004-05-13,89
1408,2004-05-14,93
1409,2004-05-15,92
1410,2004-05-16,50
1411,2004-05-17,61
1412,2004-05-18,66
1413,2004-05-19,77
1414,2004-05-21,56
1415,2004-05-22,65
1416,2004-05-23,86
1417,2004-05-24,134
1418,2004-05-25,141
1419,2004-05-26,30
1420,2004-05-27,83
1421,2004-05-28,111
1422,2004-05-29,56
1423,2004-05-30,66
1424,2004-05-31,56
1425,2004-06-01,100
1426,2004-06-02,109
1427,2004-06-03,118
1428,2004-06-04,107
1429,2004-06-05,74
1430,2004-06-06,58
1431,2004-06-07,88
1432,2004-06-08,100
1433,2004-06-09,109
1434,2004-06-10,125
1435,2004-06-11,114
1436,2004-06-12,110
1437,2004-06-13,118
1438,2004-06-14,135
1439,2004-06-15,147
1440,2004-06-16,99
1441,2004-06-17,29
1442,2004-06-18,75
1443,2004-06-19,73
1444,2004-06-20,97
1445,2004-06-21,102
1446,2004-06-22,93
1447,2004-06-23,78
1448,2004-06-24,58
1449,2004-06-25,61
1450,2004-06-26,100
1451,2004-06-27,106
1452,2004-06-28,139
1453,2004-06-29,152
1454,2004-06-30,49
1455,2004-07-01,46
1456,2004-07-02,85
1457,2004-07-03,97
1458,2004-07-04,58
1459,2004-07-05,56
1460,2004-07-06,59
1461,2004-07-07,74
1462,2004-07-08,63
1463,2004-07-09,59
1464,2004-07-10,91
1465,2004-07-11,70
1466,2004-07-12,53
1467,2004-07-13,55
1468,2004-07-14,67
1469,2004-07-15,97
1470,2004-07-16,123
1471,2004-07-17,118
1472,2004-07-18,100
1473,2004-07-19,80
1474,2004-07-20,135
1475,2004-07-21,67
1476,2004-07-22,70
1477,2004-07-23,105
1478,2004-07-24,55
1479,2004-07-25,78
1480,2004-07-26,78
1481,2004-07-27,59
1482,2004-07-28,111
1483,2004-07-29,78
1484,2004-07-30,30
1485,2004-07-31,78
1486,2004-08-01,91
1487,2004-08-02,119
1488,2004-08-03,95
1489,2004-08-04,73
1490,2004-08-05,76
1491,2004-08-06,89
1492,2004-08-07,117
1493,2004-08-08,145
1494,2004-08-09,143
1495,2004-08-10,84
1496,2004-08-11,84
1497,2004-08-12,51
1498,2004-08-13,31
1499,2004-08-14,83
1500,2004-08-15,76
1501,2004-08-16,51
1502,2004-08-17,67
1503,2004-08-18,75
1504,2004-08-19,68
1505,2004-08-20,80
1506,2004-08-21,99
1507,2004-08-22,70
1508,2004-08-23,60
1509,2004-08-24,105
1510,2004-08-25,122
1511,2004-08-26,100
1512,2004-08-27,125
1513,2004-08-28,70
1514,2004-08-29,57
1515,2004-08-30,79
1516,2004-08-31,68
1517,2004-09-01,61
1518,2004-09-02,67
1519,2004-09-03,77
1520,2004-09-04,64
1521,2004-09-05,96
1522,2004-09-06,101
1523,2004-09-07,24
1524,2004-09-08,61
1525,2004-09-09,80
1526,2004-09-10,85
1527,2004-09-11,88
1528,2004-09-12,95
1529,2004-09-13,101
1530,2004-09-14,140
1531,2004-09-15,34
1532,2004-09-16,81
1533,2004-09-17,89
1534,2004-09-18,86
1535,2004-09-19,71
1536,2004-09-20,94
1537,2004-09-21,40
1538,2004-09-22,84
1539,2004-09-23,122
1540,2004-09-24,197
1541,2004-09-25,179
1542,2004-09-26,111
1543,2004-09-27,114
1544,2004-09-29,134
1545,2004-09-30,141
1546,2004-10-01,17
1547,2004-10-02,59
1548,2004-10-03,83
1549,2004-10-04,118
1550,2004-10-05,153
1551,2004-10-06,166
1552,2004-10-07,325
1553,2004-10-08,402
1554,2004-10-09,263
1555,2004-10-10,374
1556,2004-10-11,127
1557,2004-10-12,37
1558,2004-10-13,62
1559,2004-10-14,67
1560,2004-10-15,99
1561,2004-10-16,116
1562,2004-10-17,110
1563,2004-10-18,126
1564,2004-10-19,149
1565,2004-10-20,110
1566,2004-10-21,56
1567,2004-10-22,59
1568,2004-10-23,97
1569,2004-10-24,146
1570,2004-10-25,142
1571,2004-10-26,34
1572,2004-10-27,79
1573,2004-10-28,154
1574,2004-10-29,191
1575,2004-10-30,219
1576,2004-10-31,157
1577,2004-11-01,35
1578,2004-11-02,39
1579,2004-11-03,124
1580,2004-11-04,164
1581,2004-11-05,56
1582,2004-11-06,92
1583,2004-11-07,133
1584,2004-11-08,173
1585,2004-11-09,86
1586,2004-11-10,77
1587,2004-11-11,62
1588,2004-11-12,45
1589,2004-11-13,93
1590,2004-11-14,160
1591,2004-11-15,54
1592,2004-11-16,67
1593,2004-11-17,65
1594,2004-11-18,99
1595,2004-11-19,97
1596,2004-11-20,47
1597,2004-11-21,93
1598,2004-11-22,165
1599,2004-11-23,156
1600,2004-11-24,89
1601,2004-11-25,41
1602,2004-11-26,53
1603,2004-11-27,89
1604,2004-11-28,99
1605,2004-11-29,81
1606,2004-11-30,139
1607,2004-12-01,275
1608,2004-12-02,270
1609,2004-12-03,330
1610,2004-12-04,97
1611,2004-12-05,37
1612,2004-12-06,97
1613,2004-12-07,89
1614,2004-12-08,170
1615,2004-12-09,248
1616,2004-12-10,97
1617,2004-12-11,181
1618,2004-12-12,123
1619,2004-12-13,89
1620,2004-12-14,198
1621,2004-12-15,305
1622,2004-12-16,86
1623,2004-12-17,92
1624,2004-12-18,143
1625,2004-12-19,82
1626,2004-12-20,23
1627,2004-12-21,81
1628,2004-12-22,88
1629,2004-12-23,75
1630,2004-12-24,99
1631,2004-12-25,150
1632,2004-12-26,97
1633,2004-12-27,44
1634,2004-12-28,49
1635,2004-12-29,61
1636,2004-12-30,80
1637,2004-12-31,45
1638,2005-01-01,63
1639,2005-01-02,118
1640,2005-01-03,100
1641,2005-01-04,52
1642,2005-01-05,104
1643,2005-01-06,147
1644,2005-01-07,48
1645,2005-01-08,56
1646,2005-01-09,44
1647,2005-01-10,96
1648,2005-01-11,67
1649,2005-01-12,52
1650,2005-01-13,83
1651,2005-01-14,65
1652,2005-01-15,67
1653,2005-01-16,87
1654,2005-01-17,111
1655,2005-01-18,47
1656,2005-01-19,55
1657,2005-01-20,57
1658,2005-01-21,85
1659,2005-01-22,119
1660,2005-01-23,174
1661,2005-01-24,143
1662,2005-01-25,95
1663,2005-01-26,115
1664,2005-01-27,173
1665,2005-01-28,163
1666,2005-01-29,95
1667,2005-01-30,50
1668,2005-01-31,69
1669,2005-02-01,69
1670,2005-02-02,47
1671,2005-02-03,96
1672,2005-02-04,79
1673,2005-02-05,46
1674,2005-02-06,68
1675,2005-02-07,71
1676,2005-02-08,68
1677,2005-02-09,84
1678,2005-02-10,38
1679,2005-02-11,71
1680,2005-02-12,102
1681,2005-02-13,122
1682,2005-02-14,153
1683,2005-02-15,150
1684,2005-02-16,69
1685,2005-02-17,105
1686,2005-02-18,60
1687,2005-02-19,42
1688,2005-02-20,47
1689,2005-02-21,87
1690,2005-02-22,102
1691,2005-02-23,30
1692,2005-02-24,55
1693,2005-02-25,46
1694,2005-02-26,64
1695,2005-02-27,95
1696,2005-02-28,61
1697,2005-03-01,64
1698,2005-03-02,74
1699,2005-03-03,57
1700,2005-03-04,46
1701,2005-03-05,58
1702,2005-03-06,114
1703,2005-03-07,108
1704,2005-03-08,82
1705,2005-03-09,80
1706,2005-03-10,110
1707,2005-03-11,67
1708,2005-03-12,59
1709,2005-03-13,36
1710,2005-03-14,69
1711,2005-03-15,99
1712,2005-03-16,120
1713,2005-03-17,109
1714,2005-03-18,52
1715,2005-03-19,96
1716,2005-03-20,119
1717,2005-03-21,94
1718,2005-03-22,151
1719,2005-03-23,90
1720,2005-03-24,63
1721,2005-03-25,99
1722,2005-03-26,133
1723,2005-03-27,161
1724,2005-03-28,141
1725,2005-03-29,48
1726,2005-03-30,122
1727,2005-03-31,113
1728,2005-04-01,83
1729,2005-04-02,82
1730,2005-04-03,82
1731,2005-04-04,116
1732,2005-04-05,332
1733,2005-04-06,352
1734,2005-04-07,156
1735,2005-04-08,100
1736,2005-04-09,64
1737,2005-04-10,64
1738,2005-04-11,95
1739,2005-04-12,92
1740,2005-04-13,90
1741,2005-04-14,179
1742,2005-04-15,88
1743,2005-04-16,213
1744,2005-04-17,143
1745,2005-04-18,159
1746,2005-04-19,132
1747,2005-04-20,173
1748,2005-04-21,69
1749,2005-04-22,58
1750,2005-04-23,107
1751,2005-04-24,106
1752,2005-04-25,73
1753,2005-04-26,115
1754,2005-04-27,122
1755,2005-04-28,418
1756,2005-04-29,98
1757,2005-04-30,138
1758,2005-05-01,183
1759,2005-05-02,122
1760,2005-05-03,139
1761,2005-05-04,160
1762,2005-05-05,97
1763,2005-05-06,48
1764,2005-05-07,80
1765,2005-05-08,130
1766,2005-05-09,63
1767,2005-05-10,62
1768,2005-05-11,86
1769,2005-05-12,110
1770,2005-05-13,81
1771,2005-05-14,85
1772,2005-05-15,113
1773,2005-05-16,83
1774,2005-05-17,49
1775,2005-05-18,51
1776,2005-05-19,53
1777,2005-05-20,80
1778,2005-05-21,120
1779,2005-05-22,46
1780,2005-05-23,59
1781,2005-05-24,82
1782,2005-05-25,88
1783,2005-05-26,107
1784,2005-05-27,83
1785,2005-05-28,120
1786,2005-05-29,100
1787,2005-05-30,109
1788,2005-05-31,95
1789,2005-06-01,93
1790,2005-06-02,54
1791,2005-06-03,58
1792,2005-06-04,77
1793,2005-06-05,75
1794,2005-06-06,53
1795,2005-06-07,86
1796,2005-06-08,96
1797,2005-06-09,81
1798,2005-06-10,85
1799,2005-06-11,136
1800,2005-06-12,106
1801,2005-06-13,94
1802,2005-06-14,69
1803,2005-06-15,56
1804,2005-06-16,83
1805,2005-06-17,79
1806,2005-06-18,92
1807,2005-06-19,116
1808,2005-06-20,131
1809,2005-06-21,113
1810,2005-06-22,116
1811,2005-06-23,120
1812,2005-06-24,148
1813,2005-06-25,141
1814,2005-06-26,79
1815,2005-06-27,52
1816,2005-06-28,84
1817,2005-06-29,86
1818,2005-06-30,100
1819,2005-07-01,97
1820,2005-07-02,76
1821,2005-07-03,87
1822,2005-07-04,64
1823,2005-07-05,63
1824,2005-07-06,70
1825,2005-07-07,89
1826,2005-07-08,98
1827,2005-07-09,91
1828,2005-07-10,79
1829,2005-07-11,69
1830,2005-07-12,81
1831,2005-07-13,93
1832,2005-07-14,93
1833,2005-07-15,97
1834,2005-07-17,150
1835,2005-07-18,103
1836,2005-07-19,114
1837,2005-07-20,125
1838,2005-07-21,104
1839,2005-07-22,79
1840,2005-07-23,51
1841,2005-07-24,23
1842,2005-07-25,75
1843,2005-07-26,109
1844,2005-07-27,73
1845,2005-07-28,63
1846,2005-07-29,57
1847,2005-07-30,95
1848,2005-07-31,79
1849,2005-08-01,81
1850,2005-08-02,68
1851,2005-08-03,72
1852,2005-08-04,46
1853,2005-08-05,63
1854,2005-08-06,86
1855,2005-08-07,71
1856,2005-08-08,72
1857,2005-08-09,62
1858,2005-08-10,60
1859,2005-08-11,146
1860,2005-08-12,141
1861,2005-08-13,63
1862,2005-08-14,98
1863,2005-08-15,100
1864,2005-08-16,46
1865,2005-08-17,26
1866,2005-08-18,53
1867,2005-08-19,59
1868,2005-08-20,79
1869,2005-08-21,110
1870,2005-08-22,91
1871,2005-08-23,97
1872,2005-08-24,90
1873,2005-08-25,85
1874,2005-08-26,110
1875,2005-08-27,94
1876,2005-08-28,154
1877,2005-08-29,136
1878,2005-08-30,113
1879,2005-08-31,152
1880,2005-09-01,118
1881,2005-09-02,42
1882,2005-09-03,68
1883,2005-09-04,80
1884,2005-09-05,90
1885,2005-09-06,99
1886,2005-09-07,98
1887,2005-09-08,83
1888,2005-09-09,141
1889,2005-09-10,164
1890,2005-09-11,182
1891,2005-09-12,107
1892,2005-09-13,76
1893,2005-09-14,62
1894,2005-09-15,104
1895,2005-09-16,78
1896,2005-09-17,73
1897,2005-09-18,66
1898,2005-09-19,99
1899,2005-09-20,92
1900,2005-09-21,71
1901,2005-09-22,60
1902,2005-09-23,110
1903,2005-09-24,112
1904,2005-09-25,134
1905,2005-09-26,168
1906,2005-09-27,97
1907,2005-09-28,115
1908,2005-09-29,100
1909,2005-09-30,47
1910,2005-10-01,88
1911,2005-10-02,72
1912,2005-10-03,70
1913,2005-10-04,77
1914,2005-10-05,103
1915,2005-10-06,136
1916,2005-10-07,82
1917,2005-10-08,42
1918,2005-10-09,93
1919,2005-10-10,167
1920,2005-10-11,152
1921,2005-10-12,183
1922,2005-10-13,155
1923,2005-10-14,50
1924,2005-10-15,73
1925,2005-10-16,120
1926,2005-10-17,57
1927,2005-10-18,96
1928,2005-10-19,94
1929,2005-10-20,151
1930,2005-10-21,96
1931,2005-10-22,92
1932,2005-10-23,135
1933,2005-10-24,139
1934,2005-10-25,99
1935,2005-10-26,176
1936,2005-10-27,156
1937,2005-10-28,24
1938,2005-10-29,48
1939,2005-10-30,54
1940,2005-10-31,97
1941,2005-11-01,134
1942,2005-11-02,252
1943,2005-11-03,334
1944,2005-11-04,330
1945,2005-11-05,472
1946,2005-11-06,191
1947,2005-11-07,141
1948,2005-11-08,45
1949,2005-11-09,104
1950,2005-11-10,156
1951,2005-11-11,79
1952,2005-11-12,95
1953,2005-11-13,70
1954,2005-11-14,80
1955,2005-11-15,60
1956,2005-11-16,104
1957,2005-11-17,160
1958,2005-11-18,184
1959,2005-11-19,126
1960,2005-11-20,91
1961,2005-11-21,73
1962,2005-11-22,134
1963,2005-11-23,76
1964,2005-11-24,108
1965,2005-11-25,127
1966,2005-11-26,131
1967,2005-11-27,163
1968,2005-11-28,220
1969,2005-11-29,73
1970,2005-11-30,154
1971,2005-12-01,97
1972,2005-12-02,58
1973,2005-12-03,99
1974,2005-12-04,61
1975,2005-12-05,60
1976,2005-12-06,37
1977,2005-12-07,39
1978,2005-12-08,72
1979,2005-12-09,121
1980,2005-12-10,99
1981,2005-12-11,44
1982,2005-12-12,49
1983,2005-12-13,40
1984,2005-12-14,53
1985,2005-12-15,50
1986,2005-12-16,49
1987,2005-12-17,44
1988,2005-12-18,77
1989,2005-12-19,129
1990,2005-12-20,114
1991,2005-12-21,57
1992,2005-12-22,86
1993,2005-12-23,120
1994,2005-12-24,102
1995,2005-12-25,146
1996,2005-12-26,61
1997,2005-12-27,57
1998,2005-12-28,122
1999,2005-12-29,113
2000,2005-12-30,157
2001,2005-12-31,76
2002,2006-01-01,108
2003,2006-01-02,100
2004,2006-01-03,119
2005,2006-01-04,69
2006,2006-01-05,53
2007,2006-01-06,54
2008,2006-01-07,62
2009,2006-01-08,100
2010,2006-01-09,103
2011,2006-01-10,147
2012,2006-01-11,100
2013,2006-01-12,110
2014,2006-01-13,98
2015,2006-01-14,107
2016,2006-01-15,252
2017,2006-01-16,243
2018,2006-01-17,116
2019,2006-01-18,110
2020,2006-01-19,181
2021,2006-01-20,273
2022,2006-01-21,310
2023,2006-01-22,136
2024,2006-01-23,110
2025,2006-01-24,146
2026,2006-01-25,119
2027,2006-01-26,157
2028,2006-01-27,153
2029,2006-01-28,69
2030,2006-01-29,143
2031,2006-01-30,54
2032,2006-01-31,65
2033,2006-02-01,83
2034,2006-02-02,75
2035,2006-02-03,56
2036,2006-02-04,73
2037,2006-02-05,114
2038,2006-02-06,138
2039,2006-02-07,61
2040,2006-02-08,34
2041,2006-02-09,70
2042,2006-02-10,93
2043,2006-02-11,99
2044,2006-02-12,110
2045,2006-02-13,228
2046,2006-02-14,178
2047,2006-02-15,64
2048,2006-02-16,93
2049,2006-02-17,59
2050,2006-02-18,87
2051,2006-02-19,95
2052,2006-02-20,133
2053,2006-02-21,215
2054,2006-02-22,75
2055,2006-02-23,93
2056,2006-02-24,74
2057,2006-02-25,112
2058,2006-02-26,54
2059,2006-02-27,81
2060,2006-02-28,83
2061,2006-03-01,62
2062,2006-03-02,49
2063,2006-03-03,89
2064,2006-03-04,154
2065,2006-03-05,99
2066,2006-03-06,80
2067,2006-03-07,90
2068,2006-03-08,98
2069,2006-03-09,91
2070,2006-03-10,408
2071,2006-03-11,95
2072,2006-03-12,85
2073,2006-03-13,90
2074,2006-03-14,88
2075,2006-03-15,109
2076,2006-03-16,91
2077,2006-03-17,135
2078,2006-03-18,256
2079,2006-03-19,84
2080,2006-03-20,226
2081,2006-03-21,197
2082,2006-03-22,181
2083,2006-03-23,66
2084,2006-03-24,97
2085,2006-03-25,206
2086,2006-03-26,99
2087,2006-03-27,347
2088,2006-03-28,98
2089,2006-03-29,124
2090,2006-03-30,92
2091,2006-03-31,96
2092,2006-04-01,183
2093,2006-04-02,122
2094,2006-04-03,187
2095,2006-04-04,162
2096,2006-04-05,99
2097,2006-04-06,78
2098,2006-04-07,158
2099,2006-04-08,186
2100,2006-04-09,500
2101,2006-04-10,500
2102,2006-04-11,166
2103,2006-04-12,95
2104,2006-04-13,60
2105,2006-04-14,149
2106,2006-04-15,128
2107,2006-04-16,84
2108,2006-04-17,500
2109,2006-04-18,168
2110,2006-04-19,319
2111,2006-04-20,79
2112,2006-04-21,123
2113,2006-04-22,145
2114,2006-04-23,203
2115,2006-04-24,94
2116,2006-04-25,128
2117,2006-04-26,210
2118,2006-04-27,98
2119,2006-04-28,99
2120,2006-04-29,131
2121,2006-04-30,165
2122,2006-05-01,432
2123,2006-05-02,94
2124,2006-05-03,92
2125,2006-05-04,147
2126,2006-05-05,95
2127,2006-05-06,93
2128,2006-05-07,138
2129,2006-05-08,123
2130,2006-05-09,79
2131,2006-05-10,71
2132,2006-05-11,61
2133,2006-05-12,63
2134,2006-05-13,44
2135,2006-05-14,93
2136,2006-05-15,95
2137,2006-05-16,98
2138,2006-05-17,500
2139,2006-05-18,168
2140,2006-05-19,240
2141,2006-05-20,82
2142,2006-05-21,96
2143,2006-05-22,96
2144,2006-05-23,95
2145,2006-05-24,84
2146,2006-05-25,91
2147,2006-05-26,78
2148,2006-05-27,32
2149,2006-05-28,51
2150,2006-05-29,84
2151,2006-05-30,98
2152,2006-05-31,118
2153,2006-06-01,96
2154,2006-06-02,112
2155,2006-06-03,69
2156,2006-06-04,100
2157,2006-06-05,137
2158,2006-06-06,147
2159,2006-06-07,86
2160,2006-06-08,65
2161,2006-06-09,92
2162,2006-06-10,39
2163,2006-06-11,61
2164,2006-06-12,96
2165,2006-06-13,77
2166,2006-06-14,43
2167,2006-06-15,78
2168,2006-06-16,86
2169,2006-06-17,50
2170,2006-06-18,68
2171,2006-06-19,97
2172,2006-06-20,84
2173,2006-06-21,152
2174,2006-06-22,118
2175,2006-06-23,123
2176,2006-06-24,76
2177,2006-06-25,68
2178,2006-06-26,84
2179,2006-06-27,75
2180,2006-06-28,90
2181,2006-06-29,66
2182,2006-06-30,42
2183,2006-07-01,57
2184,2006-07-02,52
2185,2006-07-03,81
2186,2006-07-04,75
2187,2006-07-05,97
2188,2006-07-06,60
2189,2006-07-07,65
2190,2006-07-08,67
2191,2006-07-09,82
2192,2006-07-10,99
2193,2006-07-11,66
2194,2006-07-12,72
2195,2006-07-13,44
2196,2006-07-14,78
2197,2006-07-15,70
2198,2006-07-16,69
2199,2006-07-17,58
2200,2006-07-18,43
2201,2006-07-19,55
2202,2006-07-20,74
2203,2006-07-21,76
2204,2006-07-22,36
2205,2006-07-23,72
2206,2006-07-24,61
2207,2006-07-25,46
2208,2006-07-26,50
2209,2006-07-27,65
2210,2006-07-28,98
2211,2006-07-29,115
2212,2006-07-30,138
2213,2006-07-31,88
2214,2006-08-01,47
2215,2006-08-02,39
2216,2006-08-03,61
2217,2006-08-04,64
2218,2006-08-05,74
2219,2006-08-06,100
2220,2006-08-07,82
2221,2006-08-08,84
2222,2006-08-09,64
2223,2006-08-10,89
2224,2006-08-11,75
2225,2006-08-12,98
2226,2006-08-13,69
2227,2006-08-14,27
2228,2006-08-15,70
2229,2006-08-16,84
2230,2006-08-17,91
2231,2006-08-18,85
2232,2006-08-19,97
2233,2006-08-20,77
2234,2006-08-21,45
2235,2006-08-22,69
2236,2006-08-23,67
2237,2006-08-24,99
2238,2006-08-25,131
2239,2006-08-26,69
2240,2006-08-27,66
2241,2006-08-28,93
2242,2006-08-29,62
2243,2006-08-30,59
2244,2006-08-31,64
2245,2006-09-01,89
2246,2006-09-02,100
2247,2006-09-03,109
2248,2006-09-04,28
2249,2006-09-05,71
2250,2006-09-06,87
2251,2006-09-07,112
2252,2006-09-08,71
2253,2006-09-09,37
2254,2006-09-10,67
2255,2006-09-11,86
2256,2006-09-12,89
2257,2006-09-13,100
2258,2006-09-14,107
2259,2006-09-15,109
2260,2006-09-16,116
2261,2006-09-17,134
2262,2006-09-18,100
2263,2006-09-19,132
2264,2006-09-20,151
2265,2006-09-21,99
2266,2006-09-22,95
2267,2006-09-23,118
2268,2006-09-24,121
2269,2006-09-25,119
2270,2006-09-26,49
2271,2006-09-27,91
2272,2006-09-28,98
2273,2006-09-29,70
2274,2006-09-30,100
2275,2006-10-01,139
2276,2006-10-02,152
2277,2006-10-03,143
2278,2006-10-04,73
2279,2006-10-05,99
2280,2006-10-06,194
2281,2006-10-07,100
2282,2006-10-08,91
2283,2006-10-09,77
2284,2006-10-10,131
2285,2006-10-11,65
2286,2006-10-12,73
2287,2006-10-13,121
2288,2006-10-14,135
2289,2006-10-15,100
2290,2006-10-16,146
2291,2006-10-17,59
2292,2006-10-18,86
2293,2006-10-19,121
2294,2006-10-20,71
2295,2006-10-21,97
2296,2006-10-22,87
2297,2006-10-23,46
2298,2006-10-24,99
2299,2006-10-25,139
2300,2006-10-26,64
2301,2006-10-27,99
2302,2006-10-28,163
2303,2006-10-29,77
2304,2006-10-30,130
2305,2006-10-31,154
2306,2006-11-01,96
2307,2006-11-02,98
2308,2006-11-03,140
2309,2006-11-04,180
2310,2006-11-05,48
2311,2006-11-06,93
2312,2006-11-07,94
2313,2006-11-08,148
2314,2006-11-09,61
2315,2006-11-10,89
2316,2006-11-11,72
2317,2006-11-12,136
2318,2006-11-13,98
2319,2006-11-14,37
2320,2006-11-15,78
2321,2006-11-16,99
2322,2006-11-17,100
2323,2006-11-18,129
2324,2006-11-19,147
2325,2006-11-20,249
2326,2006-11-21,414
2327,2006-11-22,97
2328,2006-11-23,74
2329,2006-11-24,153
2330,2006-11-25,124
2331,2006-11-26,129
2332,2006-11-27,47
2333,2006-11-28,58
2334,2006-11-29,61
2335,2006-11-30,96
2336,2006-12-01,88
2337,2006-12-02,49
2338,2006-12-03,66
2339,2006-12-04,111
2340,2006-12-05,94
2341,2006-12-06,78
2342,2006-12-07,86
2343,2006-12-08,97
2344,2006-12-09,81
2345,2006-12-10,105
2346,2006-12-11,256
2347,2006-12-12,500
2348,2006-12-13,88
2349,2006-12-14,118
2350,2006-12-15,94
2351,2006-12-16,76
2352,2006-12-17,52
2353,2006-12-18,100
2354,2006-12-19,140
2355,2006-12-20,180
2356,2006-12-21,180
2357,2006-12-22,88
2358,2006-12-23,95
2359,2006-12-24,85
2360,2006-12-25,136
2361,2006-12-26,160
2362,2006-12-27,80
2363,2006-12-28,47
2364,2006-12-29,90
2365,2006-12-30,157
2366,2006-12-31,139
2367,2007-01-01,158
2368,2007-01-02,150
2369,2007-01-03,133
2370,2007-01-04,170
2371,2007-01-05,322
2372,2007-01-06,73
2373,2007-01-07,47
2374,2007-01-08,45
2375,2007-01-09,86
2376,2007-01-10,98
2377,2007-01-11,75
2378,2007-01-12,56
2379,2007-01-13,74
2380,2007-01-14,102
2381,2007-01-15,170
2382,2007-01-16,64
2383,2007-01-17,84
2384,2007-01-18,52
2385,2007-01-19,93
2386,2007-01-20,147
2387,2007-01-21,98
2388,2007-01-22,58
2389,2007-01-23,96
2390,2007-01-24,118
2391,2007-01-25,140
2392,2007-01-26,68
2393,2007-01-27,55
2394,2007-01-28,55
2395,2007-01-29,114
2396,2007-01-30,85
2397,2007-01-31,76
2398,2007-02-01,50
2399,2007-02-02,100
2400,2007-02-03,115
2401,2007-02-04,93
2402,2007-02-05,175
2403,2007-02-06,67
2404,2007-02-07,110
2405,2007-02-08,99
2406,2007-02-09,67
2407,2007-02-10,61
2408,2007-02-11,55
2409,2007-02-12,103
2410,2007-02-13,181
2411,2007-02-14,74
2412,2007-02-15,75
2413,2007-02-16,97
2414,2007-02-17,98
2415,2007-02-18,115
2416,2007-02-19,99
2417,2007-02-20,160
2418,2007-02-21,200
2419,2007-02-22,173
2420,2007-02-23,78
2421,2007-02-24,75
2422,2007-02-25,123
2423,2007-02-26,169
2424,2007-02-27,172
2425,2007-02-28,108
2426,2007-03-01,98
2427,2007-03-02,85
2428,2007-03-03,87
2429,2007-03-04,28
2430,2007-03-05,34
2431,2007-03-06,35
2432,2007-03-07,51
2433,2007-03-08,54
2434,2007-03-09,105
2435,2007-03-10,75
2436,2007-03-11,34
2437,2007-03-12,68
2438,2007-03-13,133
2439,2007-03-14,157
2440,2007-03-15,106
2441,2007-03-16,78
2442,2007-03-17,100
2443,2007-03-18,121
2444,2007-03-19,119
2445,2007-03-21,138
2446,2007-03-22,145
2447,2007-03-23,202
2448,2007-03-24,192
2449,2007-03-25,79
2450,2007-03-26,78
2451,2007-03-27,84
2452,2007-03-28,98
2453,2007-03-29,99
2454,2007-03-30,66
2455,2007-03-31,103
2456,2007-04-01,63
2457,2007-04-02,48
2458,2007-04-03,40
2459,2007-04-04,95
2460,2007-04-05,110
2461,2007-04-06,148
2462,2007-04-07,46
2463,2007-04-08,43
2464,2007-04-09,96
2465,2007-04-10,133
2466,2007-04-11,88
2467,2007-04-12,107
2468,2007-04-13,55
2469,2007-04-14,74
2470,2007-04-15,72
2471,2007-04-16,81
2472,2007-04-17,74
2473,2007-04-18,100
2474,2007-04-19,173
2475,2007-04-20,155
2476,2007-04-21,62
2477,2007-04-22,58
2478,2007-04-23,81
2479,2007-04-24,78
2480,2007-04-25,72
2481,2007-04-26,90
2482,2007-04-27,113
2483,2007-04-28,115
2484,2007-04-29,190
2485,2007-04-30,151
2486,2007-05-01,61
2487,2007-05-02,87
2488,2007-05-03,96
2489,2007-05-04,97
2490,2007-05-05,123
2491,2007-05-06,91
2492,2007-05-07,139
2493,2007-05-08,147
2494,2007-05-09,98
2495,2007-05-10,116
2496,2007-05-11,116
2497,2007-05-12,99
2498,2007-05-13,100
2499,2007-05-14,72
2500,2007-05-15,97
2501,2007-05-16,100
2502,2007-05-17,84
2503,2007-05-18,58
2504,2007-05-19,60
2505,2007-05-20,98
2506,2007-05-21,82
2507,2007-05-22,116
2508,2007-05-23,60
2509,2007-05-24,169
2510,2007-05-25,250
2511,2007-05-26,98
2512,2007-05-27,118
2513,2007-05-28,96
2514,2007-05-29,98
2515,2007-05-30,126
2516,2007-05-31,119
2517,2007-06-01,75
2518,2007-06-02,107
2519,2007-06-03,99
2520,2007-06-04,84
2521,2007-06-05,99
2522,2007-06-06,146
2523,2007-06-07,195
2524,2007-06-08,194
2525,2007-06-09,134
2526,2007-06-10,97
2527,2007-06-11,136
2528,2007-06-12,168
2529,2007-06-13,142
2530,2007-06-14,52
2531,2007-06-15,91
2532,2007-06-16,98
2533,2007-06-17,123
2534,2007-06-18,138
2535,2007-06-19,202
2536,2007-06-20,151
2537,2007-06-21,123
2538,2007-06-22,85
2539,2007-06-23,121
2540,2007-06-24,97
2541,2007-06-25,72
2542,2007-06-26,98
2543,2007-06-27,135
2544,2007-06-28,52
2545,2007-06-29,95
2546,2007-06-30,87
2547,2007-07-01,28
2548,2007-07-02,77
2549,2007-07-03,99
2550,2007-07-04,82
2551,2007-07-06,145
2552,2007-07-07,80
2553,2007-07-08,75
2554,2007-07-09,115
2555,2007-07-10,58
2556,2007-07-11,65
2557,2007-07-12,78
2558,2007-07-13,74
2559,2007-07-14,83
2560,2007-07-15,93
2561,2007-07-16,96
2562,2007-07-17,169
2563,2007-07-18,98
2564,2007-07-19,47
2565,2007-07-20,76
2566,2007-07-21,98
2567,2007-07-22,99
2568,2007-07-23,117
2569,2007-07-24,99
2570,2007-07-25,119
2571,2007-07-26,151
2572,2007-07-27,150
2573,2007-07-28,98
2574,2007-07-29,80
2575,2007-07-30,138
2576,2007-07-31,26
2577,2007-08-01,52
2578,2007-08-02,42
2579,2007-08-03,70
2580,2007-08-04,85
2581,2007-08-05,98
2582,2007-08-06,107
2583,2007-08-07,93
2584,2007-08-08,88
2585,2007-08-09,86
2586,2007-08-10,79
2587,2007-08-11,74
2588,2007-08-12,66
2589,2007-08-13,56
2590,2007-08-14,76
2591,2007-08-15,86
2592,2007-08-16,115
2593,2007-08-17,91
2594,2007-08-18,93
2595,2007-08-19,95
2596,2007-08-20,95
2597,2007-08-21,116
2598,2007-08-22,88
2599,2007-08-23,77
2600,2007-08-24,83
2601,2007-08-25,95
2602,2007-08-26,78
2603,2007-08-27,49
2604,2007-08-28,78
2605,2007-08-29,64
2606,2007-08-30,75
2607,2007-08-31,98
2608,2007-09-01,108
2609,2007-09-02,95
2610,2007-09-03,73
2611,2007-09-04,77
2612,2007-09-05,94
2613,2007-09-06,100
2614,2007-09-07,98
2615,2007-09-08,94
2616,2007-09-09,98
2617,2007-09-10,142
2618,2007-09-11,171
2619,2007-09-12,133
2620,2007-09-13,97
2621,2007-09-14,58
2622,2007-09-15,66
2623,2007-09-16,99
2624,2007-09-17,138
2625,2007-09-18,60
2626,2007-09-19,24
2627,2007-09-20,62
2628,2007-09-21,79
2629,2007-09-22,99
2630,2007-09-23,97
2631,2007-09-24,98
2632,2007-09-25,95
2633,2007-09-26,80
2634,2007-09-27,40
2635,2007-09-28,63
2636,2007-09-29,80
2637,2007-09-30,64
2638,2007-10-01,75
2639,2007-10-02,52
2640,2007-10-03,78
2641,2007-10-04,94
2642,2007-10-05,34
2643,2007-10-06,48
2644,2007-10-07,28
2645,2007-10-08,22
2646,2007-10-09,44
2647,2007-10-10,69
2648,2007-10-11,88
2649,2007-10-12,119
2650,2007-10-13,95
2651,2007-10-14,35
2652,2007-10-15,53
2653,2007-10-16,66
2654,2007-10-17,95
2655,2007-10-18,82
2656,2007-10-19,49
2657,2007-10-20,60
2658,2007-10-21,98
2659,2007-10-22,100
2660,2007-10-23,89
2661,2007-10-24,96
2662,2007-10-25,143
2663,2007-10-26,184
2664,2007-10-27,179
2665,2007-10-28,27
2666,2007-10-29,47
2667,2007-10-30,121
2668,2007-10-31,95
2669,2007-11-01,18
2670,2007-11-02,83
2671,2007-11-03,57
2672,2007-11-04,76
2673,2007-11-05,119
2674,2007-11-06,172
2675,2007-11-07,253
2676,2007-11-08,186
2677,2007-11-09,35
2678,2007-11-10,54
2679,2007-11-11,90
2680,2007-11-12,159
2681,2007-11-13,153
2682,2007-11-14,58
2683,2007-11-15,31
2684,2007-11-16,76
2685,2007-11-17,112
2686,2007-11-18,45
2687,2007-11-19,88
2688,2007-11-20,83
2689,2007-11-21,98
2690,2007-11-22,144
2691,2007-11-23,119
2692,2007-11-24,117
2693,2007-11-25,269
2694,2007-11-26,55
2695,2007-11-27,85
2696,2007-11-28,100
2697,2007-11-29,81
2698,2007-11-30,78
2699,2007-12-01,136
2700,2007-12-02,96
2701,2007-12-03,71
2702,2007-12-04,68
2703,2007-12-05,88
2704,2007-12-06,129
2705,2007-12-07,54
2706,2007-12-08,77
2707,2007-12-09,118
2708,2007-12-11,110
2709,2007-12-12,46
2710,2007-12-13,56
2711,2007-12-14,91
2712,2007-12-15,59
2713,2007-12-16,89
2714,2007-12-17,78
2715,2007-12-18,104
2716,2007-12-19,155
2717,2007-12-20,153
2718,2007-12-21,114
2719,2007-12-22,166
2720,2007-12-23,98
2721,2007-12-24,124
2722,2007-12-25,280
2723,2007-12-26,269
2724,2007-12-27,421
2725,2007-12-28,500
2726,2007-12-29,156
2727,2007-12-30,72
2728,2007-12-31,58
2729,2008-01-01,32
2730,2008-01-02,57
2731,2008-01-03,75
2732,2008-01-04,90
2733,2008-01-05,147
2734,2008-01-06,146
2735,2008-01-07,115
2736,2008-01-08,121
2737,2008-01-09,94
2738,2008-01-10,95
2739,2008-01-11,113
2740,2008-01-12,46
2741,2008-01-13,39
2742,2008-01-14,87
2743,2008-01-15,119
2744,2008-01-16,72
2745,2008-01-17,80
2746,2008-01-18,122
2747,2008-01-19,149
2748,2008-01-20,134
2749,2008-01-21,66
2750,2008-01-22,79
2751,2008-01-23,51
2752,2008-01-24,50
2753,2008-01-25,54
2754,2008-01-26,67
2755,2008-01-27,70
2756,2008-01-28,77
2757,2008-01-29,48
2758,2008-01-30,44
2759,2008-01-31,45
2760,2008-02-01,57
2761,2008-02-02,64
2762,2008-02-03,52
2763,2008-02-04,65
2764,2008-02-05,83
2765,2008-02-06,35
2766,2008-02-08,37
2767,2008-02-09,38
2768,2008-02-10,64
2769,2008-02-11,61
2770,2008-02-12,64
2771,2008-02-13,55
2772,2008-02-14,55
2773,2008-02-15,68
2774,2008-02-16,69
2775,2008-02-17,70
2776,2008-02-18,72
2777,2008-02-19,111
2778,2008-02-20,88
2779,2008-02-21,152
2780,2008-02-22,160
2781,2008-02-23,85
2782,2008-02-25,65
2783,2008-02-26,78
2784,2008-02-27,75
2785,2008-02-28,84
2786,2008-02-29,82
2787,2008-03-01,82
2788,2008-03-02,126
2789,2008-03-03,46
2790,2008-03-04,55
2791,2008-03-05,86
2792,2008-03-06,80
2793,2008-03-08,129
2794,2008-03-09,158
2795,2008-03-10,238
2796,2008-03-11,174
2797,2008-03-12,128
2798,2008-03-13,99
2799,2008-03-14,82
2800,2008-03-15,110
2801,2008-03-16,72
2802,2008-03-17,126
2803,2008-03-18,304
2804,2008-03-19,286
2805,2008-03-20,147
2806,2008-03-21,98
2807,2008-03-22,120
2808,2008-03-23,69
2809,2008-03-24,76
2810,2008-03-25,52
2811,2008-03-26,46
2812,2008-03-27,55
2813,2008-03-28,74
2814,2008-03-29,59
2815,2008-03-30,81
2816,2008-03-31,53
2817,2008-04-01,90
2818,2008-04-02,63
2819,2008-04-03,55
2820,2008-04-04,88
2821,2008-04-05,145
2822,2008-04-06,161
2823,2008-04-07,131
2824,2008-04-08,177
2825,2008-04-09,93
2826,2008-04-10,94
2827,2008-04-11,65
2828,2008-04-12,79
2829,2008-04-13,71
2830,2008-04-14,98
2831,2008-04-15,129
2832,2008-04-16,173
2833,2008-04-17,159
2834,2008-04-18,139
2835,2008-04-19,138
2836,2008-04-20,97
2837,2008-04-21,19
2838,2008-04-22,32
2839,2008-04-23,43
2840,2008-04-24,76
2841,2008-04-25,100
2842,2008-04-26,72
2843,2008-04-27,79
2844,2008-04-28,94
2845,2008-04-29,176
2846,2008-04-30,155
2847,2008-05-01,140
2848,2008-05-02,144
2849,2008-05-03,185
2850,2008-05-04,32
2851,2008-05-05,81
2852,2008-05-06,134
2853,2008-05-07,138
2854,2008-05-08,95
2855,2008-05-09,89
2856,2008-05-10,62
2857,2008-05-11,54
2858,2008-05-12,24
2859,2008-05-13,57
2860,2008-05-14,87
2861,2008-05-15,77
2862,2008-05-16,107
2863,2008-05-17,117
2864,2008-05-18,91
2865,2008-05-19,83
2866,2008-05-20,112
2867,2008-05-21,408
2868,2008-05-22,153
2869,2008-05-23,186
2870,2008-05-24,161
2871,2008-05-25,121
2872,2008-05-26,138
2873,2008-05-27,463
2874,2008-05-28,253
2875,2008-05-29,395
2876,2008-05-30,95
2877,2008-05-31,115
2878,2008-06-01,92
2879,2008-06-02,50
2880,2008-06-03,74
2881,2008-06-05,78
2882,2008-06-06,94
2883,2008-06-07,81
2884,2008-06-08,126
2885,2008-06-09,97
2886,2008-06-10,100
2887,2008-06-11,80
2888,2008-06-12,89
2889,2008-06-13,105
2890,2008-06-14,96
2891,2008-06-15,93
2892,2008-06-16,84
2893,2008-06-17,55
2894,2008-06-18,61
2895,2008-06-19,120
2896,2008-06-20,165
2897,2008-06-21,81
2898,2008-06-22,125
2899,2008-06-23,81
2900,2008-06-24,75
2901,2008-06-25,109
2902,2008-06-26,87
2903,2008-06-27,88
2904,2008-06-28,89
2905,2008-06-30,98
2906,2008-07-01,72
2907,2008-07-02,61
2908,2008-07-03,92
2909,2008-07-04,100
2910,2008-07-05,66
2911,2008-07-06,39
2912,2008-07-07,69
2913,2008-07-08,98
2914,2008-07-09,62
2915,2008-07-10,85
2916,2008-07-11,112
2917,2008-07-12,74
2918,2008-07-13,59
2919,2008-07-14,84
2920,2008-07-15,31
2921,2008-07-16,66
2922,2008-07-17,77
2923,2008-07-18,66
2924,2008-07-19,64
2925,2008-07-20,55
2926,2008-07-21,64
2927,2008-07-22,66
2928,2008-07-23,89
2929,2008-07-24,113
2930,2008-07-25,109
2931,2008-07-26,118
2932,2008-07-27,113
2933,2008-07-28,96
2934,2008-07-29,90
2935,2008-07-30,43
2936,2008-07-31,69
2937,2008-08-01,27
2938,2008-08-02,34
2939,2008-08-03,35
2940,2008-08-04,83
2941,2008-08-05,88
2942,2008-08-06,85
2943,2008-08-07,95
2944,2008-08-08,94
2945,2008-08-09,78
2946,2008-08-10,82
2947,2008-08-11,37
2948,2008-08-12,32
2949,2008-08-13,60
2950,2008-08-14,61
2951,2008-08-15,17
2952,2008-08-16,23
2953,2008-08-16,84
2954,2008-08-17,42
2955,2008-08-18,25
2956,2008-08-19,42
2957,2008-08-20,53
2958,2008-08-21,60
2959,2008-08-22,36
2960,2008-08-23,41
2961,2008-08-24,45
2962,2008-08-25,67
2963,2008-08-26,64
2964,2008-08-27,56
2965,2008-08-28,79
2966,2008-08-29,110
2967,2008-08-30,64
2968,2008-08-31,24
2969,2008-09-01,25
2970,2008-09-02,37
2971,2008-09-03,72
2972,2008-09-04,57
2973,2008-09-05,58
2974,2008-09-06,59
2975,2008-09-07,86
2976,2008-09-08,49
2977,2008-09-09,64
2978,2008-09-10,51
2979,2008-09-11,46
2980,2008-09-12,58
2981,2008-09-13,57
2982,2008-09-14,56
2983,2008-09-15,58
2984,2008-09-16,63
2985,2008-09-17,62
2986,2008-09-19,66
2987,2008-09-20,59
2988,2008-09-21,88
2989,2008-09-22,59
2990,2008-09-23,12
2991,2008-09-24,26
2992,2008-09-25,30
2993,2008-09-26,17
2994,2008-09-28,71
2995,2008-09-29,83
2996,2008-09-30,106
2997,2008-10-01,104
2998,2008-10-02,126
2999,2008-10-03,108
3000,2008-10-04,63
3001,2008-10-05,49
3002,2008-10-06,25
3003,2008-10-07,58
3004,2008-10-08,75
3005,2008-10-09,47
3006,2008-10-10,58
3007,2008-10-11,44
3008,2008-10-12,59
3009,2008-10-13,92
3010,2008-10-14,114
3011,2008-10-15,85
3012,2008-10-16,61
3013,2008-10-17,93
3014,2008-10-18,174
3015,2008-10-19,86
3016,2008-10-20,86
3017,2008-10-21,134
3018,2008-10-22,111
3019,2008-10-23,43
3020,2008-10-24,14
3021,2008-10-25,58
3022,2008-10-26,32
3023,2008-10-27,32
3024,2008-10-28,67
3025,2008-10-29,80
3026,2008-10-30,58
3027,2008-10-31,79
3028,2008-11-01,71
3029,2008-11-02,60
3030,2008-11-03,54
3031,2008-11-04,68
3032,2008-11-05,109
3033,2008-11-06,97
3034,2008-11-07,55
3035,2008-11-08,65
3036,2008-11-09,86
3037,2008-11-10,94
3038,2008-11-11,131
3039,2008-11-12,186
3040,2008-11-13,161
3041,2008-11-14,34
3042,2008-11-15,120
3043,2008-11-16,54
3044,2008-11-17,46
3045,2008-11-18,28
3046,2008-11-19,40
3047,2008-11-20,103
3048,2008-11-21,52
3049,2008-11-22,91
3050,2008-11-23,95
3051,2008-11-24,97
3052,2008-11-25,59
3053,2008-11-26,89
3054,2008-11-27,40
3055,2008-11-28,77
3056,2008-11-29,53
3057,2008-11-30,84
3058,2008-12-01,146
3059,2008-12-02,87
3060,2008-12-03,144
3061,2008-12-04,51
3062,2008-12-05,59
3063,2008-12-06,51
3064,2008-12-07,112
3065,2008-12-08,169
3066,2008-12-09,246
3067,2008-12-10,162
3068,2008-12-11,96
3069,2008-12-12,154
3070,2008-12-13,57
3071,2008-12-14,86
3072,2008-12-15,109
3073,2008-12-16,135
3074,2008-12-17,134
3075,2008-12-18,46
3076,2008-12-19,98
3077,2008-12-20,45
3078,2008-12-21,67
3079,2008-12-22,49
3080,2008-12-23,89
3081,2008-12-24,115
3082,2008-12-25,55
3083,2008-12-26,66
3084,2008-12-27,129
3085,2008-12-28,134
3086,2008-12-29,69
3087,2008-12-30,36
3088,2008-12-31,29
3089,2009-01-01,42
3090,2009-01-02,79
3091,2009-01-03,90
3092,2009-01-04,69
3093,2009-01-05,64
3094,2009-01-06,71
3095,2009-01-07,56
3096,2009-01-08,100
3097,2009-01-09,32
3098,2009-01-10,54
3099,2009-01-11,51
3100,2009-01-12,36
3101,2009-01-13,59
3102,2009-01-14,43
3103,2009-01-15,72
3104,2009-01-16,90
3105,2009-01-17,74
3106,2009-01-18,97
3107,2009-01-19,76
3108,2009-01-20,137
3109,2009-01-21,109
3110,2009-01-22,117
3111,2009-01-23,97
3112,2009-01-24,67
3113,2009-01-25,48
3114,2009-01-26,88
3115,2009-01-27,95
3116,2009-01-28,129
3117,2009-01-29,135
3118,2009-01-30,131
3119,2009-01-31,133
3120,2009-02-01,91
3121,2009-02-02,107
3122,2009-02-03,87
3123,2009-02-04,80
3124,2009-02-05,98
3125,2009-02-06,78
3126,2009-02-07,90
3127,2009-02-08,71
3128,2009-02-09,112
3129,2009-02-10,307
3130,2009-02-11,89
3131,2009-02-12,139
3132,2009-02-13,82
3133,2009-02-14,72
3134,2009-02-15,53
3135,2009-02-16,55
3136,2009-02-17,56
3137,2009-02-19,64
3138,2009-02-20,99
3139,2009-02-21,86
3140,2009-02-22,80
3141,2009-02-23,59
3142,2009-02-24,84
3143,2009-02-25,36
3144,2009-02-26,68
3145,2009-02-27,96
3146,2009-02-28,67
3147,2009-03-01,93
3148,2009-03-02,59
3149,2009-03-03,98
3150,2009-03-04,161
3151,2009-03-05,96
3152,2009-03-06,19
3153,2009-03-07,73
3154,2009-03-08,119
3155,2009-03-09,64
3156,2009-03-10,74
3157,2009-03-11,85
3158,2009-03-12,88
3159,2009-03-13,99
3160,2009-03-14,81
3161,2009-03-15,119
3162,2009-03-16,100
3163,2009-03-17,169
3164,2009-03-18,268
3165,2009-03-19,195
3166,2009-03-20,80
3167,2009-03-21,82
3168,2009-03-22,77
3169,2009-03-23,64
3170,2009-03-24,59
3171,2009-03-25,44
3172,2009-03-26,58
3173,2009-03-27,79
3174,2009-03-28,69
3175,2009-03-29,69
3176,2009-03-30,71
3177,2009-03-31,51
3178,2009-04-01,27
3179,2009-04-02,72
3180,2009-04-03,91
3181,2009-04-04,96
3182,2009-04-05,72
3183,2009-04-06,53
3184,2009-04-07,94
3185,2009-04-08,140
3186,2009-04-09,117
3187,2009-04-10,115
3188,2009-04-11,113
3189,2009-04-12,122
3190,2009-04-13,148
3191,2009-04-14,75
3192,2009-04-15,81
3193,2009-04-16,69
3194,2009-04-17,84
3195,2009-04-18,116
3196,2009-04-19,97
3197,2009-04-20,63
3198,2009-04-21,34
3199,2009-04-22,59
3200,2009-04-23,70
3201,2009-04-24,77
3202,2009-04-25,54
3203,2009-04-26,34
3204,2009-04-27,57
3205,2009-04-28,78
3206,2009-04-29,73
3207,2009-04-30,95
3208,2009-05-01,95
3209,2009-05-02,54
3210,2009-05-03,82
3211,2009-05-04,96
3212,2009-05-05,106
3213,2009-05-06,100
3214,2009-05-07,109
3215,2009-05-08,125
3216,2009-05-09,106
3217,2009-05-10,57
3218,2009-05-11,72
3219,2009-05-12,75
3220,2009-05-13,63
3221,2009-05-14,91
3222,2009-05-15,64
3223,2009-05-16,81
3224,2009-05-17,78
3225,2009-05-18,90
3226,2009-05-19,97
3227,2009-05-20,98
3228,2009-05-21,85
3229,2009-05-22,27
3230,2009-05-23,65
3231,2009-05-24,95
3232,2009-05-25,128
3233,2009-05-26,81
3234,2009-05-27,105
3235,2009-05-28,94
3236,2009-05-29,59
3237,2009-05-30,45
3238,2009-05-31,56
3239,2009-06-01,79
3240,2009-06-02,55
3241,2009-06-03,61
3242,2009-06-04,71
3243,2009-06-05,68
3244,2009-06-06,67
3245,2009-06-07,63
3246,2009-06-08,77
3247,2009-06-09,34
3248,2009-06-10,21
3249,2009-06-11,66
3250,2009-06-12,60
3251,2009-06-13,58
3252,2009-06-14,61
3253,2009-06-15,70
3254,2009-06-16,89
3255,2009-06-17,75
3256,2009-06-18,104
3257,2009-06-20,165
3258,2009-06-21,98
3259,2009-06-22,42
3260,2009-06-23,60
3261,2009-06-24,67
3262,2009-06-25,81
3263,2009-06-26,104
3264,2009-06-27,116
3265,2009-06-28,96
3266,2009-06-29,90
3267,2009-06-30,48
3268,2009-07-01,30
3269,2009-07-02,51
3270,2009-07-03,73
3271,2009-07-04,103
3272,2009-07-05,110
3273,2009-07-06,70
3274,2009-07-07,93
3275,2009-07-08,85
3276,2009-07-09,48
3277,2009-07-10,79
3278,2009-07-11,94
3279,2009-07-12,72
3280,2009-07-13,104
3281,2009-07-14,57
3282,2009-07-15,71
3283,2009-07-16,100
3284,2009-07-17,60
3285,2009-07-18,45
3286,2009-07-19,74
3287,2009-07-20,69
3288,2009-07-21,60
3289,2009-07-22,101
3290,2009-07-23,64
3291,2009-07-24,36
3292,2009-07-25,29
3293,2009-07-26,59
3294,2009-07-27,81
3295,2009-07-28,79
3296,2009-07-29,107
3297,2009-07-30,109
3298,2009-07-31,71
3299,2009-08-01,89
3300,2009-08-02,59
3301,2009-08-03,75
3302,2009-08-04,97
3303,2009-08-05,74
3304,2009-08-06,58
3305,2009-08-07,74
3306,2009-08-08,75
3307,2009-08-09,81
3308,2009-08-10,60
3309,2009-08-11,75
3310,2009-08-12,68
3311,2009-08-13,82
3312,2009-08-14,123
3313,2009-08-15,115
3314,2009-08-16,113
3315,2009-08-17,63
3316,2009-08-18,76
3317,2009-08-19,77
3318,2009-08-20,38
3319,2009-08-21,62
3320,2009-08-22,58
3321,2009-08-23,71
3322,2009-08-24,97
3323,2009-08-25,90
3324,2009-08-26,97
3325,2009-08-27,69
3326,2009-08-28,36
3327,2009-08-29,61
3328,2009-08-30,69
3329,2009-08-31,78
3330,2009-09-01,88
3331,2009-09-02,98
3332,2009-09-03,109
3333,2009-09-04,99
3334,2009-09-05,92
3335,2009-09-06,32
3336,2009-09-07,20
3337,2009-09-08,51
3338,2009-09-09,66
3339,2009-09-10,77
3340,2009-09-11,69
3341,2009-09-12,42
3342,2009-09-13,65
3343,2009-09-14,91
3344,2009-09-15,72
3345,2009-09-16,93
3346,2009-09-17,117
3347,2009-09-18,121
3348,2009-09-19,75
3349,2009-09-20,101
3350,2009-09-21,111
3351,2009-09-22,79
3352,2009-09-23,90
3353,2009-09-24,108
3354,2009-09-25,130
3355,2009-09-26,98
3356,2009-09-27,66
3357,2009-09-28,74
3358,2009-09-29,97
3359,2009-09-30,112
3360,2009-10-01,88
3361,2009-10-02,22
3362,2009-10-03,29
3363,2009-10-04,44
3364,2009-10-05,69
3365,2009-10-06,83
3366,2009-10-07,74
3367,2009-10-08,72
3368,2009-10-09,88
3369,2009-10-10,73
3370,2009-10-11,94
3371,2009-10-12,108
3372,2009-10-13,37
3373,2009-10-14,42
3374,2009-10-15,72
3375,2009-10-16,114
3376,2009-10-17,57
3377,2009-10-18,92
3378,2009-10-19,90
3379,2009-10-20,77
3380,2009-10-21,76
3381,2009-10-22,100
3382,2009-10-23,111
3383,2009-10-24,141
3384,2009-10-25,147
3385,2009-10-26,77
3386,2009-10-27,68
3387,2009-10-28,100
3388,2009-10-29,137
3389,2009-10-30,120
3390,2009-10-31,51
3391,2009-11-01,48
3392,2009-11-02,12
3393,2009-11-03,66
3394,2009-11-04,111
3395,2009-11-05,136
3396,2009-11-06,186
3397,2009-11-07,276
3398,2009-11-08,259
3399,2009-11-09,84
3400,2009-11-10,20
3401,2009-11-11,34
3402,2009-11-12,53
3403,2009-11-13,59
3404,2009-11-14,53
3405,2009-11-15,26
3406,2009-11-16,29
3407,2009-11-17,35
3408,2009-11-18,66
3409,2009-11-19,47
3410,2009-11-20,74
3411,2009-11-21,63
3412,2009-11-22,121
3413,2009-11-23,149
3414,2009-11-24,184
3415,2009-11-25,79
3416,2009-11-26,107
3417,2009-11-27,132
3418,2009-11-28,99
3419,2009-11-29,167
3420,2009-11-30,117
3421,2009-12-01,86
3422,2009-12-02,133
3423,2009-12-03,36
3424,2009-12-04,99
3425,2009-12-05,62
3426,2009-12-06,94
3427,2009-12-07,141
3428,2009-12-08,186
3429,2009-12-10,167
3430,2009-12-11,147
3431,2009-12-12,31
3432,2009-12-13,80
3433,2009-12-14,96
3434,2009-12-15,49
3435,2009-12-16,55
3436,2009-12-17,45
3437,2009-12-18,42
3438,2009-12-19,44
3439,2009-12-20,48
3440,2009-12-21,63
3441,2009-12-22,94
3442,2009-12-23,93
3443,2009-12-24,133
3444,2009-12-25,500
3445,2009-12-26,96
3446,2009-12-27,94
3447,2009-12-28,89
3448,2009-12-29,160
3449,2009-12-30,55
3450,2009-12-31,55
3451,2010-01-01,91
3452,2010-01-02,105
3453,2010-01-03,90
3454,2010-01-04,49
3455,2010-01-05,47
3456,2010-01-06,59
3457,2010-01-07,64
3458,2010-01-08,80
3459,2010-01-09,100
3460,2010-01-10,60
3461,2010-01-11,52
3462,2010-01-12,30
3463,2010-01-13,54
3464,2010-01-14,76
3465,2010-01-15,58
3466,2010-01-16,85
3467,2010-01-17,124
3468,2010-01-18,143
3469,2010-01-19,183
3470,2010-01-20,140
3471,2010-01-21,24
3472,2010-01-22,57
3473,2010-01-23,78
3474,2010-01-24,66
3475,2010-01-25,99
3476,2010-01-26,76
3477,2010-01-27,128
3478,2010-01-28,63
3479,2010-01-29,43
3480,2010-01-30,58
3481,2010-01-31,56
3482,2010-02-01,65
3483,2010-02-02,61
3484,2010-02-03,54
3485,2010-02-04,54
3486,2010-02-05,63
3487,2010-02-06,70
3488,2010-02-07,61
3489,2010-02-08,87
3490,2010-02-09,109
3491,2010-02-10,50
3492,2010-02-11,23
3493,2010-02-12,31
3494,2010-02-14,137
3495,2010-02-15,38
3496,2010-02-16,52
3497,2010-02-17,94
3498,2010-02-18,58
3499,2010-02-19,98
3500,2010-02-20,87
3501,2010-02-21,118
3502,2010-02-22,82
3503,2010-02-23,92
3504,2010-02-24,152
3505,2010-02-25,153
3506,2010-02-26,76
3507,2010-02-27,65
3508,2010-02-28,80
3509,2010-03-01,56
3510,2010-03-02,72
3511,2010-03-03,113
3512,2010-03-04,140
3513,2010-03-05,97
3514,2010-03-06,27
3515,2010-03-07,71
3516,2010-03-08,68
3517,2010-03-09,25
3518,2010-03-10,56
3519,2010-03-11,89
3520,2010-03-12,98
3521,2010-03-13,76
3522,2010-03-14,90
3523,2010-03-16,77
3524,2010-03-17,66
3525,2010-03-18,76
3526,2010-03-19,145
3527,2010-03-20,500
3528,2010-03-21,136
3529,2010-03-22,245
3530,2010-03-23,157
3531,2010-03-24,92
3532,2010-03-25,60
3533,2010-03-26,83
3534,2010-03-27,110
3535,2010-03-28,82
3536,2010-03-29,100
3537,2010-03-30,159
3538,2010-03-31,94
3539,2010-04-01,99
3540,2010-04-02,63
3541,2010-04-03,73
3542,2010-04-04,147
3543,2010-04-05,125
3544,2010-04-06,56
3545,2010-04-07,77
3546,2010-04-08,147
3547,2010-04-09,163
3548,2010-04-10,69
3549,2010-04-11,77
3550,2010-04-12,66
3551,2010-04-13,61
3552,2010-04-14,59
3553,2010-04-15,93
3554,2010-04-16,147
3555,2010-04-17,94
3556,2010-04-18,109
3557,2010-04-19,150
3558,2010-04-20,74
3559,2010-04-21,60
3560,2010-04-22,31
3561,2010-04-23,40
3562,2010-04-24,72
3563,2010-04-25,100
3564,2010-04-26,45
3565,2010-04-27,50
3566,2010-04-28,52
3567,2010-04-29,46
3568,2010-04-30,54
3569,2010-05-01,90
3570,2010-05-02,116
3571,2010-05-03,97
3572,2010-05-04,149
3573,2010-05-05,119
3574,2010-05-06,17
3575,2010-05-07,86
3576,2010-05-08,145
3577,2010-05-09,144
3578,2010-05-10,146
3579,2010-05-11,58
3580,2010-05-12,59
3581,2010-05-13,78
3582,2010-05-14,95
3583,2010-05-15,133
3584,2010-05-16,121
3585,2010-05-17,52
3586,2010-05-18,53
3587,2010-05-19,61
3588,2010-05-20,75
3589,2010-05-22,127
3590,2010-05-23,122
3591,2010-05-24,91
3592,2010-05-25,46
3593,2010-05-26,76
3594,2010-05-27,82
3595,2010-05-28,63
3596,2010-05-29,84
3597,2010-05-30,39
3598,2010-05-31,58
3599,2010-06-01,69
3600,2010-06-02,68
3601,2010-06-03,83
3602,2010-06-04,88
3603,2010-06-05,96
3604,2010-06-06,114
3605,2010-06-07,118
3606,2010-06-08,98
3607,2010-06-09,86
3608,2010-06-10,64
3609,2010-06-11,58
3610,2010-06-12,81
3611,2010-06-13,82
3612,2010-06-14,66
3613,2010-06-15,95
3614,2010-06-16,77
3615,2010-06-17,56
3616,2010-06-18,47
3617,2010-06-19,77
3618,2010-06-20,71
3619,2010-06-21,71
3620,2010-06-23,77
3621,2010-06-24,83
3622,2010-06-25,99
3623,2010-06-26,112
3624,2010-06-27,93
3625,2010-06-28,94
3626,2010-06-29,123
3627,2010-06-30,100
3628,2010-07-01,118
3629,2010-07-02,40
3630,2010-07-03,63
3631,2010-07-04,86
3632,2010-07-05,66
3633,2010-07-06,54
3634,2010-07-07,73
3635,2010-07-08,80
3636,2010-07-09,74
3637,2010-07-10,59
3638,2010-07-11,68
3639,2010-07-12,73
3640,2010-07-13,84
3641,2010-07-14,78
3642,2010-07-15,89
3643,2010-07-16,115
3644,2010-07-17,84
3645,2010-07-18,87
3646,2010-07-19,121
3647,2010-07-21,63
3648,2010-07-22,90
3649,2010-07-23,123
3650,2010-07-24,88
3651,2010-07-25,100
3652,2010-07-26,121
3653,2010-07-27,139
3654,2010-07-28,100
3655,2010-07-29,119
3656,2010-07-30,113
3657,2010-07-31,92
3658,2010-08-01,48
3659,2010-08-02,68
3660,2010-08-03,83
3661,2010-08-04,98
3662,2010-08-05,26
3663,2010-08-06,31
3664,2010-08-07,71
3665,2010-08-08,57
3666,2010-08-09,94
3667,2010-08-10,90
3668,2010-08-11,94
3669,2010-08-12,64
3670,2010-08-13,83
3671,2010-08-13,83
3672,2010-08-14,84
3673,2010-08-15,57
3674,2010-08-16,66
3675,2010-08-17,94
3676,2010-08-18,137
3677,2010-08-19,73
3678,2010-08-20,76
3679,2010-08-21,56
3680,2010-08-22,23
3681,2010-08-23,54
3682,2010-08-24,87
3683,2010-08-25,65
3684,2010-08-26,66
3685,2010-08-27,52
3686,2010-08-28,55
3687,2010-08-29,76
3688,2010-08-30,79
3689,2010-08-31,78
3690,2010-09-01,67
3691,2010-09-02,54
3692,2010-09-03,73
3693,2010-09-04,64
3694,2010-09-05,80
3695,2010-09-06,87
3696,2010-09-07,95
3697,2010-09-08,67
3698,2010-09-09,89
3699,2010-09-10,75
3700,2010-09-11,49
3701,2010-09-12,67
3702,2010-09-13,84
3703,2010-09-14,97
3704,2010-09-15,134
3705,2010-09-16,122
3706,2010-09-17,62
3707,2010-09-18,19
3708,2010-09-19,50
3709,2010-09-20,60
3710,2010-09-21,23
3711,2010-09-22,24
3712,2010-09-23,52
3713,2010-09-24,72
3714,2010-09-25,93
3715,2010-09-26,84
3716,2010-09-27,57
3717,2010-09-28,32
3718,2010-09-29,65
3719,2010-09-30,92
3720,2010-10-01,125
3721,2010-10-02,88
3722,2010-10-03,17
3723,2010-10-04,36
3724,2010-10-05,63
3725,2010-10-06,95
3726,2010-10-07,186
3727,2010-10-08,192
3728,2010-10-09,177
3729,2010-10-10,202
3730,2010-10-11,70
3731,2010-10-12,27
3732,2010-10-13,65
3733,2010-10-14,58
3734,2010-10-15,30
3735,2010-10-16,80
3736,2010-10-17,65
3737,2010-10-18,80
3738,2010-10-19,50
3739,2010-10-20,66
3740,2010-10-21,83
3741,2010-10-22,95
3742,2010-10-23,103
3743,2010-10-24,96
3744,2010-10-25,17
3745,2010-10-26,15
3746,2010-10-27,63
3747,2010-10-28,92
3748,2010-10-29,67
3749,2010-10-30,62
3750,2010-10-31,70
3751,2010-11-01,65
3752,2010-11-02,36
3753,2010-11-03,86
3754,2010-11-04,81
3755,2010-11-05,86
3756,2010-11-06,107
3757,2010-11-07,142
3758,2010-11-08,34
3759,2010-11-09,34
3760,2010-11-10,85
3761,2010-11-11,139
3762,2010-11-12,51
3763,2010-11-13,66
3764,2010-11-14,39
3765,2010-11-15,34
3766,2010-11-16,96
3767,2010-11-17,122
3768,2010-11-18,243
3769,2010-11-19,313
3770,2010-11-20,165
3771,2010-11-21,192
3772,2010-11-22,37
3773,2010-11-23,100
3774,2010-11-24,141
3775,2010-11-25,42
3776,2010-11-26,88
3777,2010-11-27,130
3778,2010-11-28,72
3779,2010-11-29,143
3780,2010-11-30,132
3781,2010-12-01,177
3782,2010-12-02,199
3783,2010-12-03,52
3784,2010-12-04,97
3785,2010-12-05,125
3786,2010-12-06,37
3787,2010-12-07,65
3788,2010-12-08,81
3789,2010-12-09,97
3790,2010-12-10,176
3791,2010-12-11,50
3792,2010-12-12,85
3793,2010-12-13,72
3794,2010-12-14,31
3795,2010-12-15,53
3796,2010-12-16,92
3797,2010-12-17,105
3798,2010-12-18,156
3799,2010-12-19,182
3800,2010-12-20,100
3801,2010-12-21,165
3802,2010-12-22,222
3803,2010-12-23,30
3804,2010-12-24,40
3805,2010-12-25,57
3806,2010-12-26,66
3807,2010-12-27,82
3808,2010-12-28,70
3809,2010-12-29,63
3810,2010-12-30,67
3811,2010-12-31,47
3812,2011-01-01,34
3813,2011-01-02,41
3814,2011-01-03,82
3815,2011-01-04,96
3816,2011-01-05,55
3817,2011-01-06,35
3818,2011-01-07,36
3819,2011-01-08,78
3820,2011-01-09,35
3821,2011-01-10,34
3822,2011-01-11,67
3823,2011-01-12,49
3824,2011-01-13,90
3825,2011-01-14,73
3826,2011-01-16,35
3827,2011-01-17,62
3828,2011-01-18,30
3829,2011-01-19,39
3830,2011-01-20,36
3831,2011-01-21,61
3832,2011-01-22,76
3833,2011-01-23,50
3834,2011-01-24,35
3835,2011-01-25,61
3836,2011-01-26,41
3837,2011-01-27,59
3838,2011-01-28,41
3839,2011-01-29,30
3840,2011-01-30,25
3841,2011-01-31,48
3842,2011-02-01,53
3843,2011-02-02,58
3844,2011-02-03,83
3845,2011-02-04,111
3846,2011-02-05,75
3847,2011-02-06,84
3848,2011-02-07,77
3849,2011-02-09,83
3850,2011-02-10,58
3851,2011-02-11,58
3852,2011-02-12,21
3853,2011-02-13,53
3854,2011-02-14,41
3855,2011-02-15,74
3856,2011-02-16,146
3857,2011-02-17,132
3858,2011-02-18,115
3859,2011-02-19,112
3860,2011-02-20,100
3861,2011-02-21,333
3862,2011-02-22,270
3863,2011-02-23,208
3864,2011-02-25,56
3865,2011-02-26,56
3866,2011-02-27,60
3867,2011-02-28,30
3868,2011-03-01,21
3869,2011-03-02,33
3870,2011-03-03,34
3871,2011-03-04,59
3872,2011-03-05,77
3873,2011-03-06,65
3874,2011-03-07,26
3875,2011-03-08,41
3876,2011-03-09,33
3877,2011-03-10,64
3878,2011-03-11,58
3879,2011-03-12,135
3880,2011-03-13,197
3881,2011-03-14,54
3882,2011-03-15,56
3883,2011-03-16,72
3884,2011-03-17,98
3885,2011-03-18,161
3886,2011-03-19,123
3887,2011-03-20,250
3888,2011-03-21,121
3889,2011-03-22,67
3890,2011-03-23,51
3891,2011-03-24,51
3892,2011-03-25,48
3893,2011-03-26,78
3894,2011-03-27,41
3895,2011-03-28,71
3896,2011-03-29,86
3897,2011-03-30,98
3898,2011-03-31,140
3899,2011-04-01,137
3900,2011-04-02,38
3901,2011-04-03,59
3902,2011-04-04,67
3903,2011-04-05,88
3904,2011-04-06,95
3905,2011-04-07,96
3906,2011-04-08,70
3907,2011-04-09,108
3908,2011-04-10,142
3909,2011-04-11,53
3910,2011-04-12,88
3911,2011-04-13,157
3912,2011-04-14,138
3913,2011-04-15,98
3914,2011-04-16,128
3915,2011-04-17,164
3916,2011-04-18,99
3917,2011-04-19,83
3918,2011-04-20,127
3919,2011-04-21,154
3920,2011-04-22,44
3921,2011-04-23,49
3922,2011-04-24,26
3923,2011-04-25,76
3924,2011-04-26,111
3925,2011-04-27,60
3926,2011-04-28,76
3927,2011-04-29,119
3928,2011-04-30,141
3929,2011-05-01,500
3930,2011-05-02,85
3931,2011-05-03,60
3932,2011-05-04,79
3933,2011-05-05,87
3934,2011-05-06,99
3935,2011-05-07,57
3936,2011-05-08,74
3937,2011-05-09,53
3938,2011-05-10,50
3939,2011-05-11,80
3940,2011-05-12,197
3941,2011-05-13,52
3942,2011-05-14,70
3943,2011-05-15,76
3944,2011-05-16,90
3945,2011-05-17,91
3946,2011-05-18,155
3947,2011-05-19,64
3948,2011-05-20,59
3949,2011-05-21,54
3950,2011-05-22,83
3951,2011-05-23,98
3952,2011-05-24,94
3953,2011-05-25,75
3954,2011-05-26,86
3955,2011-05-27,65
3956,2011-05-28,102
3957,2011-05-29,98
3958,2011-05-30,75
3959,2011-05-31,47
3960,2011-06-01,28
3961,2011-06-02,75
3962,2011-06-03,75
3963,2011-06-04,66
3964,2011-06-05,79
3965,2011-06-06,83
3966,2011-06-07,98
3967,2011-06-08,51
3968,2011-06-10,105
3969,2011-06-11,75
3970,2011-06-12,28
3971,2011-06-13,71
3972,2011-06-14,99
3973,2011-06-15,107
3974,2011-06-16,77
3975,2011-06-17,81
3976,2011-06-18,97
3977,2011-06-19,119
3978,2011-06-20,122
3979,2011-06-21,130
3980,2011-06-22,128
3981,2011-06-23,123
3982,2011-06-24,24
3983,2011-06-25,38
3984,2011-06-26,57
3985,2011-06-27,56
3986,2011-06-28,90
3987,2011-06-29,129
3988,2011-06-30,99
3989,2011-07-01,94
3990,2011-07-02,71
3991,2011-07-03,71
3992,2011-07-04,55
3993,2011-07-05,80
3994,2011-07-06,115
3995,2011-07-07,73
3996,2011-07-08,42
3997,2011-07-09,37
3998,2011-07-10,75
3999,2011-07-11,112
4000,2011-07-12,88
4001,2011-07-13,83
4002,2011-07-14,83
4003,2011-07-15,65
4004,2011-07-16,65
4005,2011-07-17,67
4006,2011-07-18,65
4007,2011-07-19,83
4008,2011-07-20,42
4009,2011-07-21,53
4010,2011-07-22,71
4011,2011-07-23,148
4012,2011-07-24,159
4013,2011-07-25,19
4014,2011-07-26,28
4015,2011-07-27,52
4016,2011-07-28,92
4017,2011-07-29,113
4018,2011-07-30,21
4019,2011-07-31,54
4020,2011-08-01,78
4021,2011-08-02,94
4022,2011-08-03,69
4023,2011-08-04,82
4024,2011-08-05,98
4025,2011-08-06,91
4026,2011-08-07,74
4027,2011-08-08,77
4028,2011-08-09,108
4029,2011-08-10,58
4030,2011-08-11,68
4031,2011-08-12,90
4032,2011-08-13,93
4033,2011-08-14,78
4034,2011-08-15,73
4035,2011-08-16,29
4036,2011-08-17,58
4037,2011-08-18,28
4038,2011-08-19,65
4039,2011-08-20,72
4040,2011-08-21,80
4041,2011-08-22,78
4042,2011-08-23,88
4043,2011-08-24,95
4044,2011-08-25,80
4045,2011-08-26,61
4046,2011-08-27,63
4047,2011-08-28,65
4048,2011-08-29,80
4049,2011-08-30,99
4050,2011-08-31,117
4051,2011-09-01,89
4052,2011-09-02,54
4053,2011-09-03,69
4054,2011-09-04,77
4055,2011-09-05,76
4056,2011-09-06,76
4057,2011-09-07,126
4058,2011-09-08,48
4059,2011-09-09,39
4060,2011-09-10,35
4061,2011-09-11,24
4062,2011-09-12,61
4063,2011-09-13,81
4064,2011-09-14,87
4065,2011-09-15,93
4066,2011-09-16,52
4067,2011-09-17,22
4068,2011-09-18,35
4069,2011-09-19,45
4070,2011-09-20,50
4071,2011-09-21,52
4072,2011-09-22,58
4073,2011-09-24,96
4074,2011-09-25,125
4075,2011-09-26,160
4076,2011-09-27,121
4077,2011-09-28,128
4078,2011-09-29,94
4079,2011-09-30,30
4080,2011-10-01,56
4081,2011-10-02,33
4082,2011-10-03,47
4083,2011-10-04,79
4084,2011-10-05,157
4085,2011-10-06,61
4086,2011-10-07,84
4087,2011-10-08,106
4088,2011-10-09,159
4089,2011-10-10,137
4090,2011-10-11,87
4091,2011-10-12,130
4092,2011-10-13,98
4093,2011-10-14,32
4094,2011-10-15,33
4095,2011-10-16,31
4096,2011-10-17,35
4097,2011-10-18,72
4098,2011-10-19,87
4099,2011-10-20,149
4100,2011-10-21,146
4101,2011-10-22,139
4102,2011-10-23,155
4103,2011-10-24,19
4104,2011-10-25,28
4105,2011-10-26,78
4106,2011-10-27,129
4107,2011-10-29,97
4108,2011-10-30,147
4109,2011-10-31,131
4110,2011-11-01,128
4111,2011-11-02,53
4112,2011-11-03,68
4113,2011-11-04,82
4114,2011-11-05,60
4115,2011-11-06,52
4116,2011-11-07,63
4117,2011-11-08,73
4118,2011-11-09,49
4119,2011-11-10,60
4120,2011-11-11,84
4121,2011-11-12,99
4122,2011-11-13,65
4123,2011-11-14,73
4124,2011-11-15,124
4125,2011-11-16,128
4126,2011-11-17,97
4127,2011-11-18,62
4128,2011-11-19,36
4129,2011-11-20,27
4130,2011-11-21,80
4131,2011-11-22,131
4132,2011-11-23,40
4133,2011-11-24,68
4134,2011-11-25,120
4135,2011-11-26,142
4136,2011-11-27,135
4137,2011-11-28,109
4138,2011-11-29,66
4139,2011-11-30,81
4140,2011-12-01,71
4141,2011-12-02,144
4142,2011-12-03,97
4143,2011-12-04,80
4144,2011-12-05,193
4145,2011-12-06,131
4146,2011-12-07,111
4147,2011-12-08,17
4148,2011-12-09,19
4149,2011-12-10,23
4150,2011-12-11,77
4151,2011-12-12,56
4152,2011-12-13,76
4153,2011-12-14,84
4154,2011-12-15,19
4155,2011-12-16,27
4156,2011-12-17,63
4157,2011-12-18,63
4158,2011-12-19,53
4159,2011-12-20,70
4160,2011-12-21,67
4161,2011-12-22,31
4162,2011-12-23,61
4163,2011-12-24,27
4164,2011-12-25,59
4165,2011-12-26,69
4166,2011-12-27,100
4167,2011-12-28,114
4168,2011-12-29,81
4169,2011-12-30,75
4170,2011-12-31,109
4171,2012-01-01,81
4172,2012-01-02,74
4173,2012-01-03,35
4174,2012-01-04,30
4175,2012-01-05,63
4176,2012-01-06,95
4177,2012-01-07,65
4178,2012-01-08,89
4179,2012-01-09,102
4180,2012-01-10,161
4181,2012-01-11,25
4182,2012-01-12,86
4183,2012-01-13,79
4184,2012-01-14,60
4185,2012-01-15,70
4186,2012-01-16,106
4187,2012-01-17,111
4188,2012-01-18,193
4189,2012-01-19,269
4190,2012-01-20,131
4191,2012-01-21,21
4192,2012-01-22,23
4193,2012-01-23,149
4194,2012-01-24,49
4195,2012-01-25,45
4196,2012-01-26,78
4197,2012-01-27,67
4198,2012-01-28,74
4199,2012-01-29,62
4200,2012-01-30,66
4201,2012-01-31,92
4202,2012-02-01,30
4203,2012-02-02,26
4204,2012-02-03,60
4205,2012-02-04,52
4206,2012-02-05,84
4207,2012-02-06,112
4208,2012-02-07,64
4209,2012-02-08,34
4210,2012-02-09,58
4211,2012-02-10,49
4212,2012-02-11,73
4213,2012-02-12,75
4214,2012-02-13,100
4215,2012-02-14,125
4216,2012-02-15,62
4217,2012-02-16,61
4218,2012-02-17,34
4219,2012-02-18,29
4220,2012-02-19,68
4221,2012-02-20,73
4222,2012-02-21,118
4223,2012-02-22,118
4224,2012-02-23,73
4225,2012-02-24,73
4226,2012-02-25,57
4227,2012-02-26,57
4228,2012-02-27,95
4229,2012-02-28,152
4230,2012-02-29,118
4231,2012-03-01,142
4232,2012-03-02,111
4233,2012-03-03,68
4234,2012-03-04,90
4235,2012-03-05,97
4236,2012-03-06,63
4237,2012-03-07,38
4238,2012-03-08,31
4239,2012-03-09,65
4240,2012-03-10,78
4241,2012-03-11,36
4242,2012-03-12,62
4243,2012-03-13,104
4244,2012-03-14,57
4245,2012-03-15,64
4246,2012-03-16,109
4247,2012-03-17,144
4248,2012-03-18,61
4249,2012-03-19,57
4250,2012-03-20,81
4251,2012-03-21,105
4252,2012-03-22,146
4253,2012-03-23,55
4254,2012-03-24,56
4255,2012-03-25,30
4256,2012-03-26,90
4257,2012-03-27,112
4258,2012-03-28,65
4259,2012-03-29,90
4260,2012-03-30,76
4261,2012-03-31,159
4262,2012-04-01,78
4263,2012-04-02,103
4264,2012-04-03,73
4265,2012-04-03,73
4266,2012-04-04,73
4267,2012-04-05,64
4268,2012-04-06,70
4269,2012-04-07,71
4270,2012-04-08,119
4271,2012-04-09,118
4272,2012-04-10,138
4273,2012-04-11,41
4274,2012-04-12,69
4275,2012-04-13,81
4276,2012-04-14,100
4277,2012-04-15,109
4278,2012-04-16,84
4279,2012-04-17,100
4280,2012-04-18,140
4281,2012-04-19,98
4282,2012-04-20,133
4283,2012-04-21,81
4284,2012-04-22,102
4285,2012-04-23,140
4286,2012-04-24,133
4287,2012-04-25,32
4288,2012-04-26,60
4289,2012-04-27,147
4290,2012-04-28,164
4291,2012-04-29,473
4292,2012-04-30,268
4293,2012-05-01,208
4294,2012-05-02,111
4295,2012-05-03,106
4296,2012-05-04,100
4297,2012-05-05,99
4298,2012-05-06,100
4299,2012-05-07,100
4300,2012-05-08,111
4301,2012-05-09,107
4302,2012-05-10,129
4303,2012-05-11,133
4304,2012-05-12,90
4305,2012-05-13,96
4306,2012-05-14,64
4307,2012-05-15,58
4308,2012-05-16,58
4309,2012-05-17,78
4310,2012-05-18,84
4311,2012-05-19,143
4312,2012-05-20,85
4313,2012-05-21,97
4314,2012-05-22,109
4315,2012-05-23,64
4316,2012-05-24,69
4317,2012-05-25,63
4318,2012-05-26,90
4319,2012-05-27,88
4320,2012-05-28,133
4321,2012-05-29,116
4322,2012-05-30,29
4323,2012-05-31,64
4324,2012-06-01,54
4325,2012-06-02,90
4326,2012-06-03,112
4327,2012-06-04,80
4328,2012-06-05,65
4329,2012-06-06,98
4330,2012-06-07,71
4331,2012-06-08,77
4332,2012-06-09,91
4333,2012-06-10,32
4334,2012-06-11,50
4335,2012-06-12,58
4336,2012-06-13,62
4337,2012-06-14,50
4338,2012-06-15,22
4339,2012-06-16,33
4340,2012-06-17,69
4341,2012-06-18,137
4342,2012-06-19,132
4343,2012-06-20,105
4344,2012-06-21,112
4345,2012-06-22,84
4346,2012-06-23,81
4347,2012-06-24,95
4348,2012-06-25,49
4349,2012-06-26,65
4350,2012-06-27,55
4351,2012-06-28,54
4352,2012-06-29,60
4353,2012-06-30,46
4354,2012-07-01,70
4355,2012-07-02,69
4356,2012-07-03,59
4357,2012-07-04,71
4358,2012-07-05,70
4359,2012-07-06,59
4360,2012-07-07,86
4361,2012-07-08,84
4362,2012-07-09,64
4363,2012-07-10,50
4364,2012-07-11,44
4365,2012-07-12,46
4366,2012-07-13,31
4367,2012-07-14,48
4368,2012-07-15,53
4369,2012-07-16,70
4370,2012-07-17,78
4371,2012-07-18,71
4372,2012-07-19,82
4373,2012-07-20,111
4374,2012-07-21,131
4375,2012-07-22,15
4376,2012-07-24,60
4377,2012-07-25,72
4378,2012-07-26,55
4379,2012-07-26,55
4380,2012-07-27,50
4381,2012-07-28,56
4382,2012-07-29,57
4383,2012-07-30,30
4384,2012-07-31,28
4385,2012-08-01,20
4386,2012-08-02,17
4387,2012-08-03,53
4388,2012-08-04,40
4389,2012-08-05,48
4390,2012-08-06,60
4391,2012-08-07,59
4392,2012-08-08,68
4393,2012-08-09,43
4394,2012-08-10,72
4395,2012-08-11,80
4396,2012-08-12,41
4397,2012-08-13,36
4398,2012-08-14,62
4399,2012-08-15,60
4400,2012-08-16,68
4401,2012-08-17,83
4402,2012-08-18,110
4403,2012-08-19,84
4404,2012-08-20,92
4405,2012-08-21,25
4406,2012-08-22,40
4407,2012-08-23,74
4408,2012-08-24,94
4409,2012-08-25,92
4410,2012-08-26,117
4411,2012-08-27,100
4412,2012-08-28,59
4413,2012-08-29,84
4414,2012-08-30,135
4415,2012-08-31,150
4416,2012-09-01,128
4417,2012-09-02,52
4418,2012-09-03,15
4419,2012-09-04,22
4420,2012-09-05,50
4421,2012-09-06,70
4422,2012-09-07,77
4423,2012-09-08,40
4424,2012-09-09,79
4425,2012-09-10,96
4426,2012-09-11,93
4427,2012-09-12,44
4428,2012-09-13,28
4429,2012-09-14,31
4430,2012-09-15,50
4431,2012-09-16,65
4432,2012-09-17,63
4433,2012-09-18,61
4434,2012-09-19,56
4435,2012-09-21,128
4436,2012-09-22,93
4437,2012-09-23,85
4438,2012-09-24,74
4439,2012-09-25,78
4440,2012-09-26,26
4441,2012-09-27,65
4442,2012-09-28,15
4443,2012-09-29,24
4444,2012-09-30,38
4445,2012-10-01,52
4446,2012-10-02,78
4447,2012-10-03,108
4448,2012-10-04,28
4449,2012-10-05,41
4450,2012-10-06,74
4451,2012-10-07,83
4452,2012-10-08,123
4453,2012-10-09,140
4454,2012-10-10,18
4455,2012-10-11,73
4456,2012-10-12,121
4457,2012-10-13,97
4458,2012-10-14,40
4459,2012-10-15,83
4460,2012-10-16,78
4461,2012-10-17,23
4462,2012-10-18,65
4463,2012-10-19,79
4464,2012-10-20,139
4465,2012-10-21,81
4466,2012-10-22,26
4467,2012-10-23,54
4468,2012-10-24,89
4469,2012-10-25,90
4470,2012-10-26,163
4471,2012-10-27,154
4472,2012-10-28,22
4473,2012-10-29,59
4474,2012-10-30,36
4475,2012-10-31,51
4476,2012-11-01,67
4477,2012-11-02,103
4478,2012-11-03,135
4479,2012-11-04,20
4480,2012-11-05,16
4481,2012-11-06,48
4482,2012-11-07,80
4483,2012-11-08,62
4484,2012-11-09,93
4485,2012-11-10,82
4486,2012-11-11,17
4487,2012-11-12,27
4488,2012-11-13,30
4489,2012-11-14,26
4490,2012-11-15,71
4491,2012-11-16,92
4492,2012-11-17,47
4493,2012-11-18,96
4494,2012-11-19,55
4495,2012-11-20,74
4496,2012-11-21,123
4497,2012-11-22,156
4498,2012-11-23,22
4499,2012-11-24,80
4500,2012-11-25,133
4501,2012-11-26,44
4502,2012-11-27,105
4503,2012-11-28,151
4504,2012-11-29,54
4505,2012-12-01,50
4506,2012-12-02,96
4507,2012-12-03,123
4508,2012-12-04,50
4509,2012-12-05,64
4510,2012-12-06,50
4511,2012-12-07,73
4512,2012-12-08,53
4513,2012-12-09,38
4514,2012-12-10,53
4515,2012-12-11,86
4516,2012-12-12,103
4517,2012-12-13,130
4518,2012-12-14,107
4519,2012-12-15,114
4520,2012-12-16,108
4521,2012-12-17,45
4522,2012-12-18,22
4523,2012-12-19,72
4524,2012-12-20,121
4525,2012-12-21,120
4526,2012-12-22,24
4527,2012-12-23,36
4528,2012-12-24,53
4529,2012-12-25,58
4530,2012-12-26,67
4531,2012-12-28,137
4532,2012-12-29,94
4533,2012-12-30,38
4534,2012-12-31,57
4535,2013-01-01,71
4536,2013-01-02,27
4537,2013-01-03,35
4538,2013-01-04,57
4539,2013-01-05,79
4540,2013-01-06,58
4541,2013-01-07,105
4542,2013-01-08,124
4543,2013-01-09,32
4544,2013-01-10,87
4545,2013-01-11,232
4546,2013-01-12,174
4547,2013-01-13,498
4548,2013-01-14,184
4549,2014-01-01,85
4550,2014-01-02,158
4551,2014-01-03,74
4552,2014-01-04,165
4553,2014-01-05,113
4554,2014-01-06,190
4555,2014-01-07,122
4556,2014-01-10,95
4557,2014-01-11,159
4558,2014-01-12,52
4559,2014-01-13,117
4560,2014-01-14,113
4561,2014-01-15,180
4562,2014-01-16,403
4563,2014-01-17,209
4564,2014-01-18,113
4565,2014-01-19,149
4566,2014-01-21,68
4567,2014-01-22,162
4568,2014-01-23,276
4569,2014-01-24,195
4570,2014-01-26,77
4571,2014-01-27,114
4572,2014-01-28,67
4573,2014-01-29,165
4574,2014-01-30,93
4575,2014-01-31,188
4576,2014-02-01,178
4577,2014-02-02,85
4578,2014-02-05,119
4579,2014-02-06,158
4580,2014-02-07,124
4581,2014-02-08,84
4582,2014-02-10,53
4583,2014-02-11,142
4584,2014-02-12,150
4585,2014-02-13,242
4586,2014-02-14,329
4587,2014-02-15,429
4588,2014-02-16,348
4589,2014-02-17,118
4590,2014-02-18,98
4591,2014-02-19,92
4592,2014-02-20,270
4593,2014-02-21,311
4594,2014-02-22,311
4595,2014-02-23,255
4596,2014-02-24,313
4597,2014-02-25,404
4598,2014-02-28,113
4599,2014-03-01,68
4600,2014-03-02,189
4601,2014-03-03,268
4602,2014-03-04,67
4603,2014-03-07,70
4604,2014-03-08,179
4605,2014-03-09,127
4606,2014-03-10,110
4607,2014-03-11,195
4608,2014-03-13,69
4609,2014-03-14,64
4610,2014-03-15,133
4611,2014-03-16,145
4612,2014-03-17,142
4613,2014-03-18,85
4614,2014-03-19,73
4615,2014-03-21,62
4616,2014-03-22,86
4617,2014-03-23,186
4618,2014-03-24,271
4619,2014-03-25,255
4620,2014-03-26,331
4621,2014-03-27,285
4622,2014-03-28,169
4623,2014-03-29,63
4624,2014-03-30,77
4625,2014-03-31,183
4626,2014-04-01,147
4627,2014-04-02,133
4628,2014-04-03,66
4629,2014-04-04,91
4630,2014-04-05,68
4631,2014-04-06,98
4632,2014-04-07,135
4633,2014-04-08,223
4634,2014-04-09,156
4635,2014-04-10,246
4636,2014-04-11,83
4637,2014-04-12,133
4638,2014-04-13,212
4639,2014-04-14,270
4640,2014-04-15,109
4641,2014-04-16,90
4642,2014-04-17,124
4643,2014-04-18,182
4644,2014-04-19,84
4645,2014-04-20,84
4646,2014-04-21,73
4647,2014-04-22,85
4648,2014-04-23,156
4649,2014-04-24,156
4650,2014-04-25,163
4651,2014-04-26,69
4652,2014-04-27,74
4653,2014-04-28,83
4654,2014-04-29,122
4655,2014-04-30,139
4656,2014-05-01,156
4657,2014-05-03,93
4658,2014-05-04,57
4659,2014-05-05,54
4660,2014-05-06,105
4661,2014-05-07,82
4662,2014-05-08,104
4663,2014-05-09,84
4664,2014-05-10,69
4665,2014-05-12,74
4666,2014-05-13,86
4667,2014-05-14,59
4668,2014-05-15,122
4669,2014-05-16,92
4670,2014-05-17,124
4671,2014-05-18,171
4672,2014-05-19,146
4673,2014-05-20,113
4674,2014-05-21,170
4675,2014-05-22,183
4676,2014-05-23,140
4677,2014-05-24,104
4678,2014-05-25,91
4679,2014-05-26,77
4680,2014-05-27,107
4681,2014-05-28,121
4682,2014-05-29,120
4683,2014-05-30,192
4684,2014-05-31,177
4685,2014-06-01,130
4686,2014-06-02,90
4687,2014-06-03,117
4688,2014-06-04,124
4689,2014-06-05,157
4690,2014-06-06,103
4691,2014-06-07,51
4692,2014-06-08,70
4693,2014-06-09,87
4694,2014-06-10,95
4695,2014-06-11,74
4696,2014-06-12,90
4697,2014-06-13,116
4698,2014-06-14,165
4699,2014-06-15,178
4700,2014-06-16,178
4701,2014-06-17,104
4702,2014-06-18,116
4703,2014-06-19,116
4704,2014-06-20,84
4705,2014-06-21,96
4706,2014-06-22,91
4707,2014-06-23,115
4708,2014-06-24,161
4709,2014-06-25,138
4710,2014-06-26,163
4711,2014-06-27,68
4712,2014-06-28,77
4713,2014-06-29,161
4714,2014-06-30,185
4715,2014-07-01,172
4716,2014-07-02,80
4717,2014-07-03,248
4718,2014-07-04,237
4719,2014-07-05,165
4720,2014-07-06,256
4721,2014-07-07,216
4722,2014-07-08,134
4723,2014-07-09,63
4724,2014-07-10,114
4725,2014-07-11,77
4726,2014-07-12,80
4727,2014-07-13,64
4728,2014-07-14,156
4729,2014-07-15,140
4730,2014-07-16,133
4731,2014-07-17,186
4732,2014-07-18,182
4733,2014-07-19,106
4734,2014-07-20,119
4735,2014-07-21,68
4736,2014-07-22,54
4737,2014-07-23,82
4738,2014-07-24,90
4739,2014-07-25,134
4740,2014-07-26,188
4741,2014-07-27,194
4742,2014-07-28,159
4743,2014-07-29,159
4744,2014-07-30,169
4745,2014-07-31,244
4746,2014-08-01,199
4747,2014-08-02,163
4748,2014-08-03,149
4749,2014-08-05,80
4750,2014-08-06,67
4751,2014-08-07,162
4752,2014-08-08,140
4753,2014-08-09,143
4754,2014-08-10,125
4755,2014-08-11,76
4756,2014-08-12,119
4757,2014-08-13,70
4758,2014-08-14,104
4759,2014-08-15,109
4760,2014-08-16,159
4761,2014-08-17,124
4762,2014-08-18,135
4763,2014-08-19,150
4764,2014-08-20,164
4765,2014-08-21,169
4766,2014-08-22,83
4767,2014-08-23,155
4768,2014-08-24,75
4769,2014-08-25,59
4770,2014-08-26,78
4771,2014-08-27,136
4772,2014-08-28,103
4773,2014-08-29,104
4774,2014-08-30,176
4775,2014-08-31,89
4776,2014-09-01,127
4777,2014-09-03,54
4778,2014-09-04,100
4779,2014-09-05,140
4780,2014-09-06,186
4781,2014-09-07,200
4782,2014-09-08,61
4783,2014-09-09,109
4784,2014-09-10,111
4785,2014-09-11,114
4786,2014-09-12,97
4787,2014-09-13,94
4788,2014-09-14,66
4789,2014-09-15,54
4790,2014-09-16,87
4791,2014-09-17,80
4792,2014-09-18,84
4793,2014-09-19,117
4794,2014-09-20,168
4795,2014-09-21,129
4796,2014-09-22,127
4797,2014-09-23,64
4798,2014-09-24,60
4799,2014-09-25,144
4800,2014-09-26,170
4801,2014-09-27,58
4802,2014-09-28,87
4803,2014-09-29,70
4804,2014-09-30,53
4805,2014-10-01,92
4806,2014-10-02,78
4807,2014-10-03,123
4808,2014-10-04,95
4809,2014-10-05,54
4810,2014-10-06,68
4811,2014-10-07,200
4812,2014-10-08,314
4813,2014-10-09,379
4814,2014-10-10,346
4815,2014-10-11,233
4816,2014-10-14,80
4817,2014-10-15,73
4818,2014-10-16,76
4819,2014-10-17,132
4820,2014-10-18,211
4821,2014-10-19,289
4822,2014-10-20,250
4823,2014-10-21,82
4824,2014-10-22,99
4825,2014-10-23,163
4826,2014-10-24,267
4827,2014-10-25,353
4828,2014-10-26,78
4829,2014-10-27,72
4830,2014-10-28,88
4831,2014-10-29,140
4832,2014-10-30,206
4833,2014-10-31,204
4834,2014-11-01,65
4835,2014-11-03,59
4836,2014-11-04,150
4837,2014-11-05,79
4838,2014-11-07,63
4839,2014-11-08,93
4840,2014-11-09,80
4841,2014-11-10,95
4842,2014-11-11,59
4843,2014-11-13,65
4844,2014-11-14,77
4845,2014-11-15,143
4846,2014-11-16,98
4847,2014-11-17,64
4848,2014-11-18,93
4849,2014-11-19,282
4850,2014-11-23,155
4851,2014-11-24,94
4852,2014-11-25,196
4853,2014-11-26,293
4854,2014-11-27,83
4855,2014-11-28,114
4856,2014-11-29,276
4857,2014-12-01,54
4858,2014-12-02,65
4859,2014-12-03,51
4860,2014-12-05,62
4861,2014-12-06,89
4862,2014-12-07,65
4863,2014-12-08,82
4864,2014-12-09,276
4865,2014-12-10,153
4866,2014-12-11,52
4867,2014-12-13,69
4868,2014-12-14,113
4869,2014-12-15,82
4870,2014-12-17,99
4871,2014-12-19,53
4872,2014-12-22,103
4873,2014-12-23,100
4874,2014-12-25,73
4875,2014-12-26,155
4876,2014-12-27,243
4877,2014-12-28,155
4878,2014-12-29,125
4879,2014-12-30,65
4880,2015-01-01,65
4881,2015-01-02,79
4882,2015-01-03,200
4883,2015-01-04,226
4884,2015-01-05,122
4885,2015-01-06,60
4886,2015-01-07,85
4887,2015-01-08,190
4888,2015-01-09,105
4889,2015-01-10,208
4890,2015-01-11,59
4891,2015-01-12,160
4892,2015-01-13,211
4893,2015-01-14,265
4894,2015-01-15,386
4895,2015-01-16,118
4896,2015-01-17,89
4897,2015-01-18,94
4898,2015-01-19,77
4899,2015-01-20,113
4900,2015-01-22,143
4901,2015-01-23,257
4902,2015-01-24,117
4903,2015-01-25,185
4904,2015-01-26,119
4905,2015-01-28,65
4906,2015-01-29,87
4907,2015-01-31,60
4908,2015-02-01,108
4909,2015-02-02,188
4910,2015-02-03,143
4911,2015-02-05,62
4912,2015-02-06,100
4913,2015-02-09,152
4914,2015-02-10,166
4915,2015-02-11,55
4916,2015-02-12,59
4917,2015-02-13,175
4918,2015-02-14,293
4919,2015-02-15,326
4920,2015-02-16,153
4921,2015-02-18,73
4922,2015-02-19,267
4923,2015-02-20,183
4924,2015-02-21,394
4925,2015-02-22,158
4926,2015-02-23,86
4927,2015-02-24,207
